,DateTime,Open,High,Low,Close,IO
,2023-09-01 09:15:00+05:30,44700.1,44793.35,44536.25,44591.95,5430,3300
,2023-09-01 10:15:00+05:30,44590.0,44800.0,44580.3,44756.6,2865,4845
,2023-09-01 11:15:00+05:30,44756.6,44809.9,44700.05,44750.6,1275,5565
,2023-09-01 12:15:00+05:30,44750.6,45050.0,44737.6,45048.0,4200,8220
,2023-09-01 13:15:00+05:30,45048.0,45220.0,45000.0,45197.85,3015,10005
,2023-09-01 14:15:00+05:30,45197.85,45230.0,45119.05,45120.0,2535,11175
,2023-09-01 15:15:00+05:30,45120.0,45147.65,45023.15,45124.15,1650,11100
,2023-09-04 09:15:00+05:30,45200.0,45294.75,45100.0,45120.0,4755,12615
,2023-09-04 10:15:00+05:30,45120.0,45208.05,45032.6,45193.7,1575,12930
,2023-09-04 11:15:00+05:30,45193.7,45238.1,45150.0,45182.95,780,13500
,2023-09-04 12:15:00+05:30,45182.95,45292.0,45182.95,45283.25,1260,14250
,2023-09-04 13:15:00+05:30,45283.25,45290.0,45200.0,45224.8,3600,15915
,2023-09-04 14:15:00+05:30,45224.8,45320.0,45204.6,45283.15,3015,18360
,2023-09-04 15:15:00+05:30,45283.15,45313.35,45283.15,45300.0,1290,19125
,2023-09-05 09:15:00+05:30,45319.25,45378.6,45276.95,45362.35,1770,19980
,2023-09-05 10:15:00+05:30,45362.35,45362.35,45250.0,45258.25,2160,20325
,2023-09-05 11:15:00+05:30,45258.25,45283.1,45180.7,45201.45,2520,21975
,2023-09-05 12:15:00+05:30,45201.45,45201.45,45139.95,45187.7,3435,23055
,2023-09-05 13:15:00+05:30,45187.7,45237.0,45141.6,45220.0,2175,24615
,2023-09-05 14:15:00+05:30,45220.0,45305.85,45220.0,45274.35,2115,25785
,2023-09-05 15:15:00+05:30,45274.35,45310.0,45250.0,45284.15,2085,26610
,2023-09-06 09:15:00+05:30,45209.95,45238.15,45170.0,45181.9,1785,27510
,2023-09-06 10:15:00+05:30,45181.9,45270.85,45170.0,45196.85,3195,29835
,2023-09-06 11:15:00+05:30,45196.85,45207.85,45088.7,45148.25,5835,33945
,2023-09-06 12:15:00+05:30,45148.25,45148.25,45017.85,45055.0,2355,34935
,2023-09-06 13:15:00+05:30,45055.0,45099.6,45010.0,45084.6,7635,39420
,2023-09-06 14:15:00+05:30,45084.6,45177.0,45084.6,45162.55,3330,40785
,2023-09-06 15:15:00+05:30,45162.55,45210.0,45150.0,45210.0,3195,41790
,2023-09-07 09:15:00+05:30,45193.55,45200.0,45077.65,45151.55,2700,43230
,2023-09-07 10:15:00+05:30,45151.55,45381.8,45151.55,45381.8,9210,49005
,2023-09-07 11:15:00+05:30,45381.8,45391.0,45150.05,45177.0,3090,50265
,2023-09-07 12:15:00+05:30,45177.0,45203.55,45130.0,45174.7,2310,50685
,2023-09-07 13:15:00+05:30,45174.7,45350.0,45174.7,45338.95,2580,51330
,2023-09-07 14:15:00+05:30,45338.95,45599.75,45338.95,45573.55,16605,57510
,2023-09-07 15:15:00+05:30,45573.55,45573.55,45510.0,45550.0,1680,57780
,2023-09-08 09:15:00+05:30,45583.5,45682.0,45553.85,45625.0,6000,60885
,2023-09-08 10:15:00+05:30,45625.0,45630.0,45510.0,45580.0,6165,64830
,2023-09-08 11:15:00+05:30,45580.0,45849.85,45577.45,45833.55,8115,69060
,2023-09-08 12:15:00+05:30,45833.55,45887.95,45785.0,45809.4,3615,69900
,2023-09-08 13:15:00+05:30,45809.4,45895.8,45707.0,45889.2,4830,71805
,2023-09-08 14:15:00+05:30,45889.2,46060.0,45776.0,45795.25,8340,73800
,2023-09-08 15:15:00+05:30,45795.25,45880.0,45795.25,45847.45,1560,73755
,2023-09-11 09:15:00+05:30,45847.45,46111.0,45847.45,46058.25,6000,75660
,2023-09-11 10:15:00+05:30,46058.25,46088.8,45969.45,45990.5,5940,79755
,2023-09-11 11:15:00+05:30,45990.5,46120.0,45990.5,46061.15,4395,82320
,2023-09-11 12:15:00+05:30,46061.15,46138.6,46061.15,46087.55,870,82470
,2023-09-11 13:15:00+05:30,46087.55,46141.0,46070.0,46128.95,1785,82500
,2023-09-11 14:15:00+05:30,46128.95,46200.0,46115.0,46177.15,4245,84285
,2023-09-11 15:15:00+05:30,46177.15,46271.0,46177.05,46271.0,2055,85080
,2023-09-12 09:15:00+05:30,46321.65,46415.0,46029.7,46180.0,11850,86385
,2023-09-12 10:15:00+05:30,46180.0,46230.6,46078.45,46227.0,5445,87270
,2023-09-12 11:15:00+05:30,46227.0,46240.0,46195.6,46210.0,810,87465
,2023-09-12 12:15:00+05:30,46210.0,46223.85,45950.0,46050.0,7740,88110
,2023-09-12 13:15:00+05:30,46050.0,46212.1,46013.9,46161.25,5070,89370
,2023-09-12 14:15:00+05:30,46159.15,46180.0,46096.35,46121.5,1500,89835
,2023-09-12 15:15:00+05:30,46121.5,46185.0,46121.5,46155.0,1380,90435
,2023-09-13 09:15:00+05:30,46096.0,46137.0,45982.7,46033.2,5505,91890
,2023-09-13 10:15:00+05:30,46033.2,46260.0,46030.65,46260.0,2940,91755
,2023-09-13 11:15:00+05:30,46260.0,46361.0,46230.25,46334.6,7095,94485
,2023-09-13 12:15:00+05:30,46334.6,46485.0,46300.0,46455.1,9585,95130
,2023-09-13 13:15:00+05:30,46455.1,46503.1,46400.0,46478.0,8430,95490
,2023-09-13 14:15:00+05:30,46478.0,46539.8,46450.0,46500.0,5145,96180
,2023-09-13 15:15:00+05:30,46500.0,46511.05,46475.4,46495.0,1455,96330
,2023-09-14 09:15:00+05:30,46580.0,46704.3,46456.5,46513.5,11265,97695
,2023-09-14 10:15:00+05:30,46513.5,46609.05,46424.6,46572.75,3885,98220
,2023-09-14 11:15:00+05:30,46572.75,46590.0,46487.45,46575.0,2790,98730
,2023-09-14 12:15:00+05:30,46575.0,46588.0,46412.0,46549.95,3150,99330
,2023-09-14 13:15:00+05:30,46549.95,46580.0,46410.0,46444.65,1890,99705
,2023-09-14 14:15:00+05:30,46444.65,46647.6,46444.65,46604.8,3045,99705
,2023-09-14 15:15:00+05:30,46604.8,46630.0,46600.0,46606.45,1830,99690
,2023-09-15 09:15:00+05:30,46709.05,46725.0,46626.25,46668.0,7125,99945
,2023-09-15 10:15:00+05:30,46668.0,46841.95,46650.8,46820.0,9060,103965
,2023-09-15 11:15:00+05:30,46820.0,46857.7,46778.7,46830.0,7710,104895
,2023-09-15 12:15:00+05:30,46830.0,46830.0,46624.95,46703.75,5070,105510
,2023-09-15 13:15:00+05:30,46703.75,46795.05,46686.1,46786.8,1620,105090
,2023-09-15 14:15:00+05:30,46786.8,46842.0,46759.95,46785.35,4410,105165
,2023-09-15 15:15:00+05:30,46785.35,46799.0,46760.0,46760.0,855,105135
,2023-09-18 09:15:00+05:30,46695.15,46760.0,46649.95,46725.0,7830,107280
,2023-09-18 10:15:00+05:30,46725.0,46730.0,46680.0,46722.0,1335,107775
,2023-09-18 11:15:00+05:30,46722.0,46797.9,46690.0,46690.0,2760,108030
,2023-09-18 12:15:00+05:30,46680.0,46725.0,46663.05,46703.65,2040,108690
,2023-09-18 13:15:00+05:30,46703.65,46724.3,46659.85,46670.0,2055,108570
,2023-09-18 14:15:00+05:30,46670.0,46714.05,46542.5,46550.0,5850,108675
,2023-09-18 15:15:00+05:30,46540.15,46605.0,46508.8,46550.0,4620,108255
,2023-09-20 09:15:00+05:30,46295.15,46374.15,46220.0,46220.0,20910,114345
,2023-09-20 10:15:00+05:30,46220.0,46251.7,46090.7,46105.0,12315,120000
,2023-09-20 11:15:00+05:30,46105.0,46143.9,46075.0,46124.4,6840,120480
,2023-09-20 12:15:00+05:30,46124.4,46189.95,46090.0,46102.45,3375,120885
,2023-09-20 13:15:00+05:30,46102.45,46119.25,46020.0,46106.2,6480,123660
,2023-09-20 14:15:00+05:30,46106.2,46140.0,46040.0,46115.0,5805,126705
,2023-09-20 15:15:00+05:30,46115.0,46169.95,46101.4,46165.0,2340,127260
,2023-09-21 09:15:00+05:30,46001.0,46001.0,45715.0,45759.5,11475,131265
,2023-09-21 10:15:00+05:30,45759.5,45855.9,45715.0,45830.0,7275,133500
,2023-09-21 11:15:00+05:30,45830.0,45830.0,45580.0,45603.9,12075,135645
,2023-09-21 12:15:00+05:30,45603.9,45620.0,45425.0,45504.75,9180,138405
,2023-09-21 13:15:00+05:30,45504.75,45525.4,45380.0,45396.8,7425,139815
,2023-09-21 14:15:00+05:30,45396.8,45440.0,45326.95,45373.65,7980,141660
,2023-09-21 15:15:00+05:30,45373.65,45415.0,45292.0,45292.0,4605,142350
,2023-09-22 09:15:00+05:30,45439.2,45614.75,45000.1,45333.45,20715,142410
,2023-09-22 10:15:00+05:30,45333.45,45682.3,45285.55,45600.0,9900,142290
,2023-09-22 11:15:00+05:30,45600.0,45656.0,45500.05,45614.0,3105,142695
,2023-09-22 12:15:00+05:30,45614.0,45646.85,45518.0,45563.15,2610,142500
,2023-09-22 13:15:00+05:30,45563.15,45563.2,45301.1,45400.95,6210,143520
,2023-09-22 14:15:00+05:30,45400.95,45445.0,45231.4,45245.1,9150,145455
,2023-09-22 15:15:00+05:30,45245.1,45311.0,45245.1,45311.0,3930,145830
,2023-09-25 09:15:00+05:30,45394.6,45394.6,45122.35,45124.6,14370,145905
,2023-09-25 10:15:00+05:30,45124.6,45221.9,45100.0,45120.0,6675,147090
,2023-09-25 11:15:00+05:30,45120.0,45310.0,45105.0,45271.2,7005,147480
,2023-09-25 12:15:00+05:30,45271.2,45525.0,45271.2,45483.1,12060,144705
,2023-09-25 13:15:00+05:30,45483.1,45549.0,45230.0,45230.85,7980,145425
,2023-09-25 14:15:00+05:30,45230.0,45475.0,45210.0,45396.45,6600,145320
,2023-09-25 15:15:00+05:30,45396.45,45425.0,45383.05,45395.0,1155,145305
,2023-09-26 09:15:00+05:30,45300.05,45385.15,45251.6,45340.15,7635,147180
,2023-09-26 10:15:00+05:30,45340.15,45360.0,45240.0,45311.7,4455,148335
,2023-09-26 11:15:00+05:30,45311.7,45340.0,45262.05,45278.05,1425,148725
,2023-09-26 12:15:00+05:30,45278.05,45301.8,45146.85,45250.0,7245,150000
,2023-09-26 13:15:00+05:30,45256.0,45302.3,45245.6,45254.0,2760,150360
,2023-09-26 14:15:00+05:30,45254.0,45282.0,45193.75,45255.0,4650,151710
,2023-09-26 15:15:00+05:30,45255.0,45296.0,45250.2,45280.0,1455,151650
,2023-09-27 09:15:00+05:30,45111.05,45140.0,44837.85,44841.45,28035,155820
,2023-09-27 10:15:00+05:30,44841.45,45060.0,44817.0,45060.0,13050,156705
,2023-09-27 11:15:00+05:30,45060.0,45125.45,44967.1,45002.05,7740,157035
,2023-09-27 12:15:00+05:30,45002.05,45135.0,45002.05,45124.0,2910,157110
,2023-09-27 13:15:00+05:30,45124.0,45313.0,45079.55,45230.0,11205,155745
,2023-09-27 14:15:00+05:30,45230.0,45284.0,45155.0,45224.6,6990,157635
,2023-09-27 15:15:00+05:30,45224.6,45250.0,45210.05,45249.25,1665,157800
,2023-09-28 09:15:00+05:30,44834.25,45300.0,44834.25,45243.0,11025,160665
,2023-09-28 10:15:00+05:30,45243.0,45285.0,45038.85,45054.0,11820,165705
,2023-09-28 11:15:00+05:30,45054.0,45140.0,45016.0,45080.0,7515,167175
,2023-09-28 12:15:00+05:30,45080.0,45104.65,45021.25,45057.15,4590,167640
,2023-09-28 13:15:00+05:30,45057.15,45062.65,44936.0,44972.3,21870,172920
,2023-09-28 14:15:00+05:30,44972.3,45030.0,44900.0,44905.0,18930,179355
,2023-09-28 15:15:00+05:30,44905.0,44941.4,44905.0,44915.0,6315,180495
,2023-09-29 09:15:00+05:30,45013.9,45188.45,44926.4,45132.7,19380,182310
,2023-09-29 10:15:00+05:30,45132.7,45217.0,45075.0,45164.2,9030,183135
,2023-09-29 11:15:00+05:30,45164.2,45245.0,45132.75,45205.0,8535,184125
,2023-09-29 12:15:00+05:30,45205.0,45215.0,45139.65,45170.0,6120,184500
,2023-09-29 13:15:00+05:30,45170.0,45265.0,45140.0,45235.0,9165,182430
,2023-09-29 14:15:00+05:30,45235.0,45284.2,45130.0,45132.9,12015,181245
,2023-09-29 15:15:00+05:30,45132.9,45180.0,45125.0,45170.0,4485,181770
,2023-10-03 09:15:00+05:30,45100.0,45100.0,44825.0,44868.3,20340,184770
,2023-10-03 10:15:00+05:30,44868.3,44909.85,44817.0,44870.0,6330,186540
,2023-10-03 11:15:00+05:30,44870.0,44933.9,44850.0,44899.05,6825,186855
,2023-10-03 12:15:00+05:30,44899.05,44950.0,44888.0,44935.0,3105,186855
,2023-10-03 13:15:00+05:30,44935.0,44980.7,44850.0,44904.0,8835,188205
,2023-10-03 14:15:00+05:30,44904.0,44935.0,44896.45,44911.8,4500,187710
,2023-10-03 15:15:00+05:30,44911.8,44921.15,44890.0,44890.0,3450,187665
,2023-10-04 09:15:00+05:30,44700.0,44700.0,44417.0,44428.55,31875,194340
,2023-10-04 10:15:00+05:30,44428.55,44521.2,44410.0,44466.2,27795,196590
,2023-10-04 11:15:00+05:30,44466.2,44478.8,44353.5,44389.0,9735,200655
,2023-10-04 12:15:00+05:30,44389.0,44437.85,44370.0,44435.0,7800,202830
,2023-10-04 13:15:00+05:30,44439.0,44480.0,44396.3,44452.7,7755,204480
,2023-10-04 14:15:00+05:30,44452.7,44492.65,44425.0,44472.35,11010,205080
,2023-10-04 15:15:00+05:30,44472.35,44541.95,44461.6,44523.3,39225,208575
,2023-10-05 09:15:00+05:30,44600.0,44750.0,44599.95,44696.9,29175,195660
,2023-10-05 10:15:00+05:30,44696.9,44779.95,44606.3,44770.8,12570,195990
,2023-10-05 11:15:00+05:30,44770.8,44825.95,44740.15,44747.95,8970,194805
,2023-10-05 12:15:00+05:30,44747.95,44765.55,44680.0,44695.0,4740,195540
,2023-10-05 13:15:00+05:30,44695.0,44777.95,44693.05,44715.3,2970,195675
,2023-10-05 14:15:00+05:30,44715.3,44737.3,44655.05,44680.05,8070,197610
,2023-10-05 15:15:00+05:30,44680.05,44725.0,44672.05,44675.05,5415,197850
,2023-10-06 09:15:00+05:30,44782.35,44789.95,44699.0,44753.8,11400,193755
,2023-10-06 10:15:00+05:30,44753.8,44935.5,44751.7,44877.75,18330,188235
,2023-10-06 11:15:00+05:30,44877.75,44878.95,44695.0,44730.0,9690,189030
,2023-10-06 12:15:00+05:30,44730.0,44804.4,44702.0,44797.25,4140,188205
,2023-10-06 13:15:00+05:30,44797.25,44910.0,44779.8,44863.25,5835,188355
,2023-10-06 14:15:00+05:30,44863.25,44874.0,44778.7,44792.0,4305,188130
,2023-10-06 15:15:00+05:30,44792.0,44811.15,44772.0,44782.0,3990,188310
,2023-10-09 09:15:00+05:30,44499.85,44600.35,44231.05,44421.5,48015,190815
,2023-10-09 10:15:00+05:30,44421.5,44459.35,44356.05,44391.0,6780,191565
,2023-10-09 11:15:00+05:30,44391.0,44420.0,44374.15,44404.0,5040,191790
,2023-10-09 12:15:00+05:30,44404.0,44404.0,44255.0,44293.0,9780,192180
,2023-10-09 13:15:00+05:30,44293.0,44346.95,44280.0,44326.35,16605,191415
,2023-10-09 14:15:00+05:30,44326.35,44400.0,44290.4,44320.15,9240,192195
,2023-10-09 15:15:00+05:30,44320.15,44320.15,44260.1,44260.1,5415,192030
,2023-10-10 09:15:00+05:30,44400.0,44557.35,44400.0,44515.85,21870,189270
,2023-10-10 10:15:00+05:30,44515.85,44547.85,44509.2,44510.7,4875,189540
,2023-10-10 11:15:00+05:30,44510.7,44669.9,44497.1,44665.2,12195,190500
,2023-10-10 12:15:00+05:30,44672.0,44817.95,44642.4,44780.0,34680,193065
,2023-10-10 13:15:00+05:30,44780.0,44890.0,44770.9,44845.0,18765,195480
,2023-10-10 14:15:00+05:30,44845.0,44887.05,44774.8,44796.0,12120,198195
,2023-10-10 15:15:00+05:30,44796.0,44830.0,44796.0,44812.0,10110,196650
,2023-10-11 09:15:00+05:30,44925.0,45070.45,44905.0,44911.45,35340,196680
,2023-10-11 10:15:00+05:30,44911.45,44975.0,44850.0,44876.15,13635,198420
,2023-10-11 11:15:00+05:30,44876.15,44937.7,44842.3,44920.45,5550,199350
,2023-10-11 12:15:00+05:30,44920.45,44952.0,44852.15,44941.25,3255,199740
,2023-10-11 13:15:00+05:30,44941.25,44941.95,44839.9,44882.95,5790,199425
,2023-10-11 14:15:00+05:30,44882.95,44962.0,44866.7,44948.95,8610,199230
,2023-10-11 15:15:00+05:30,44948.95,44980.0,44940.05,44966.1,8100,199095
,2023-10-12 09:15:00+05:30,44999.95,45087.55,44987.0,45033.95,20265,201375
,2023-10-12 10:15:00+05:30,45033.95,45060.0,44970.0,45036.45,6060,202095
,2023-10-12 11:15:00+05:30,45036.45,45055.0,45000.0,45038.0,2895,201495
,2023-10-12 12:15:00+05:30,45038.0,45040.0,44970.0,44982.35,3285,201570
,2023-10-12 13:15:00+05:30,44982.35,45027.65,44970.0,45000.4,2985,202230
,2023-10-12 14:15:00+05:30,45000.4,45047.05,45000.0,45015.0,3675,202635
,2023-10-12 15:15:00+05:30,45015.0,45033.55,45014.1,45030.15,4350,202665
,2023-10-13 09:15:00+05:30,44800.0,44800.05,44601.05,44683.0,34410,204555
,2023-10-13 10:15:00+05:30,44683.0,44705.05,44650.85,44692.4,7815,205935
,2023-10-13 11:15:00+05:30,44692.4,44732.0,44680.0,44690.05,3015,206895
,2023-10-13 12:15:00+05:30,44690.05,44780.0,44690.0,44764.0,5355,207225
,2023-10-13 13:15:00+05:30,44764.0,44953.1,44738.55,44953.1,11625,206310
,2023-10-13 14:15:00+05:30,44953.1,44995.0,44696.0,44716.7,20100,206025
,2023-10-13 15:15:00+05:30,44716.7,44734.95,44652.0,44657.0,9615,208350
,2023-10-16 09:15:00+05:30,44661.05,44661.05,44487.0,44608.05,29400,214935
,2023-10-16 10:15:00+05:30,44608.05,44690.95,44590.0,44633.25,9090,215130
,2023-10-16 11:15:00+05:30,44633.25,44745.95,44603.2,44705.25,8895,216810
,2023-10-16 12:15:00+05:30,44705.25,44725.0,44650.9,44655.4,3285,217365
,2023-10-16 13:15:00+05:30,44655.4,44705.0,44610.0,44654.8,10485,222240
,2023-10-16 14:15:00+05:30,44654.8,44699.0,44633.0,44640.0,5280,223080
,2023-10-16 15:15:00+05:30,44640.0,44655.4,44630.0,44654.2,3435,223080
,2023-10-17 09:15:00+05:30,44938.7,44947.0,44818.15,44844.95,28020,219060
,2023-10-17 10:15:00+05:30,44844.95,44897.9,44844.4,44890.0,5745,219600
,2023-10-17 11:15:00+05:30,44890.0,44890.0,44850.7,44871.05,6030,221010
,2023-10-17 12:15:00+05:30,44871.05,44900.0,44859.0,44886.05,3630,221160
,2023-10-17 13:15:00+05:30,44886.05,44911.0,44720.0,44720.0,14040,222195
,2023-10-17 14:15:00+05:30,44720.0,44814.4,44711.0,44755.0,15960,225075
,2023-10-17 15:15:00+05:30,44755.0,44788.4,44752.1,44770.45,5175,224640
,2023-10-18 09:15:00+05:30,44824.05,44824.05,44620.05,44744.1,25560,231060
,2023-10-18 10:15:00+05:30,44744.1,44755.0,44333.65,44385.55,59085,248655
,2023-10-18 11:15:00+05:30,44385.55,44440.15,44308.9,44348.45,71850,291810
,2023-10-18 12:15:00+05:30,44348.4,44420.0,44325.0,44420.0,31470,305580
,2023-10-18 13:15:00+05:30,44420.0,44420.8,44338.85,44390.0,39825,332145
,2023-10-18 14:15:00+05:30,44390.0,44399.85,44307.75,44370.0,80910,391470
,2023-10-18 15:15:00+05:30,44370.0,44370.7,44330.0,44344.95,18000,399885
,2023-10-19 09:15:00+05:30,44047.3,44207.0,43980.0,44137.15,75510,412365
,2023-10-19 10:15:00+05:30,44136.75,44165.45,44070.05,44117.3,38040,431565
,2023-10-19 11:15:00+05:30,44117.3,44372.05,44117.25,44330.0,83580,451785
,2023-10-19 12:15:00+05:30,44330.0,44330.0,44182.0,44231.2,39435,470865
,2023-10-19 13:15:00+05:30,44231.2,44413.55,44135.0,44326.0,38280,487080
,2023-10-19 14:15:00+05:30,44326.0,44336.6,44122.0,44122.0,55965,517350
,2023-10-19 15:15:00+05:30,44122.0,44168.25,44103.65,44159.7,42060,550005
,2023-10-20 09:15:00+05:30,44036.8,44143.65,43917.9,44096.0,73500,556035
,2023-10-20 10:15:00+05:30,44096.0,44100.45,44001.0,44078.5,55170,596370
,2023-10-20 11:15:00+05:30,44078.5,44110.5,43950.45,44040.0,58155,626430
,2023-10-20 12:15:00+05:30,44040.0,44082.9,44025.0,44057.5,30105,647700
,2023-10-20 13:15:00+05:30,44057.5,44219.7,44017.05,44074.05,62790,662970
,2023-10-20 14:15:00+05:30,44074.8,44140.0,43997.95,44040.0,102045,709155
,2023-10-20 15:15:00+05:30,44046.55,44059.85,44038.0,44048.0,39780,731595
,2023-10-23 09:15:00+05:30,44122.0,44132.7,43928.9,43960.5,144765,793245
,2023-10-23 10:15:00+05:30,43960.0,43996.65,43915.0,43958.2,93465,856065
,2023-10-23 11:15:00+05:30,43958.2,44000.0,43870.0,43961.45,99225,916230
,2023-10-23 12:15:00+05:30,43961.45,43985.0,43890.85,43909.5,61140,961275
,2023-10-23 13:15:00+05:30,43901.8,43949.9,43874.1,43907.5,77595,998040
,2023-10-23 14:15:00+05:30,43904.85,43915.25,43301.0,43377.6,372270,1057875
,2023-10-23 15:15:00+05:30,43383.0,43469.0,43383.0,43402.9,87150,1082055
,2023-10-25 09:15:00+05:30,43563.75,43671.95,43458.0,43603.85,269460,1126140
,2023-10-25 10:15:00+05:30,43603.85,43630.75,43467.0,43523.5,164970,1212540
,2023-10-25 11:15:00+05:30,43523.5,43540.7,43375.0,43415.0,152655,1254345
,2023-10-25 12:15:00+05:30,43415.0,43435.85,43100.0,43100.0,220020,1303065
,2023-10-25 13:15:00+05:30,43100.0,43256.0,43060.0,43253.0,190680,1356765
,2023-10-25 14:15:00+05:30,43250.0,43259.0,43074.1,43095.9,181290,1399695
,2023-10-25 15:15:00+05:30,43095.0,43130.4,43045.15,43108.95,121170,1415970
,2023-10-26 09:15:00+05:30,42950.0,43059.0,42646.0,42658.05,534375,1512735
,2023-10-26 10:15:00+05:30,42655.1,42702.75,42525.0,42528.9,365085,1641270
,2023-10-26 11:15:00+05:30,42526.2,42575.95,42422.0,42485.7,416490,1783185
,2023-10-26 12:15:00+05:30,42481.2,42660.0,42477.95,42610.4,317940,1940745
,2023-10-26 13:15:00+05:30,42607.25,42670.85,42535.75,42610.1,435960,2152095
,2023-10-26 14:15:00+05:30,42610.1,42731.3,42512.0,42580.95,765600,2380635
,2023-10-26 15:15:00+05:30,42581.55,42647.95,42575.0,42616.35,212895,2452440
,2023-10-27 09:15:00+05:30,42755.3,43020.0,42730.2,42902.1,648840,2395230
,2023-10-27 10:15:00+05:30,42902.1,43003.95,42860.1,42969.75,173370,2416350
,2023-10-27 11:15:00+05:30,42975.0,43070.0,42940.0,42998.95,222165,2422215
,2023-10-27 12:15:00+05:30,42998.95,43010.0,42882.75,42907.75,155085,2428050
,2023-10-27 13:15:00+05:30,42907.75,43024.2,42902.8,42994.8,125745,2444955
,2023-10-27 14:15:00+05:30,42994.8,43086.65,42975.0,43005.15,250365,2390520
,2023-10-27 15:15:00+05:30,43005.15,43100.0,43005.05,43100.0,131295,2381430
,2023-10-30 09:15:00+05:30,42994.35,42994.4,42623.0,42720.3,681540,2450895
,2023-10-30 10:15:00+05:30,42720.3,43030.0,42690.0,42936.6,490650,2389170
,2023-10-30 11:15:00+05:30,42930.2,43243.8,42925.0,43200.0,688095,2463525
,2023-10-30 12:15:00+05:30,43200.0,43287.95,43141.75,43250.0,245370,2543580
,2023-10-30 13:15:00+05:30,43249.9,43260.35,43140.0,43175.65,202320,2541765
,2023-10-30 14:15:00+05:30,43175.65,43311.45,43148.55,43275.05,242280,2533395
,2023-10-30 15:15:00+05:30,43275.05,43350.0,43270.0,43335.0,178455,2517285
,2023-10-31 09:15:00+05:30,43603.05,43603.05,43202.2,43231.1,591330,2541270
,2023-10-31 10:15:00+05:30,43231.1,43273.4,43121.0,43186.7,301215,2528295
,2023-10-31 11:15:00+05:30,43194.75,43225.0,43020.4,43070.8,361380,2524395
,2023-10-31 12:15:00+05:30,43072.45,43258.0,43056.1,43202.2,202260,2516400
,2023-10-31 13:15:00+05:30,43204.05,43228.9,43127.25,43195.45,133215,2550090
,2023-10-31 14:15:00+05:30,43201.0,43348.8,43025.0,43082.45,660180,2574345
,2023-10-31 15:15:00+05:30,43085.9,43106.1,43035.2,43037.0,216660,2511135
,2023-11-01 09:15:00+05:30,42981.05,43062.4,42860.2,42960.0,647100,2464845
,2023-11-01 10:15:00+05:30,42960.0,42996.8,42875.0,42922.85,238395,2475615
,2023-11-01 11:15:00+05:30,42924.95,42999.95,42898.5,42991.1,219675,2476935
,2023-11-01 12:15:00+05:30,42991.55,43033.6,42886.3,42901.5,273615,2484600
,2023-11-01 13:15:00+05:30,42901.5,42979.9,42849.0,42914.65,272520,2466900
,2023-11-01 14:15:00+05:30,42914.65,42963.0,42892.0,42932.0,438480,2513820
,2023-11-01 15:15:00+05:30,42934.0,42954.7,42911.1,42925.0,202350,2510085
,2023-11-02 09:15:00+05:30,43155.55,43554.85,43150.0,43360.0,841695,2381235
,2023-11-02 10:15:00+05:30,43360.1,43411.0,43250.6,43314.75,418185,2505375
,2023-11-02 11:15:00+05:30,43314.75,43314.75,42978.1,43068.75,618135,2558400
,2023-11-02 12:15:00+05:30,43068.85,43170.0,43046.95,43166.95,215385,2573070
,2023-11-02 13:15:00+05:30,43165.95,43215.15,43065.35,43187.65,184695,2583765
,2023-11-02 14:15:00+05:30,43187.65,43395.75,43130.8,43249.95,560040,2597115
,2023-11-02 15:15:00+05:30,43245.0,43335.0,43239.0,43321.0,142020,2573985
,2023-11-03 09:15:00+05:30,43525.0,43598.85,43430.0,43523.95,658350,2509380
,2023-11-03 10:15:00+05:30,43520.4,43595.0,43480.0,43530.0,232245,2483100
,2023-11-03 11:15:00+05:30,43532.6,43550.0,43483.0,43515.0,122025,2493960
,2023-11-03 12:15:00+05:30,43515.0,43549.95,43455.25,43516.05,125850,2508555
,2023-11-03 13:15:00+05:30,43514.15,43575.0,43502.4,43530.65,152400,2497275
,2023-11-03 14:15:00+05:30,43530.65,43604.1,43470.0,43499.8,342885,2449755
,2023-11-03 15:15:00+05:30,43499.8,43527.7,43490.55,43506.8,110250,2440185
,2023-11-06 09:15:00+05:30,43598.85,43778.25,43598.85,43720.0,419565,2463960
,2023-11-06 10:15:00+05:30,43720.0,43750.0,43602.0,43649.05,223440,2480070
,2023-11-06 11:15:00+05:30,43649.05,43714.25,43640.0,43697.3,214095,2503860
,2023-11-06 12:15:00+05:30,43702.4,43749.0,43683.4,43735.05,140565,2486100
,2023-11-06 13:15:00+05:30,43735.05,43792.85,43708.65,43788.55,136680,2498115
,2023-11-06 14:15:00+05:30,43787.8,43861.9,43776.3,43839.45,345435,2482320
,2023-11-06 15:15:00+05:30,43839.45,43868.0,43827.0,43855.55,142500,2493045
,2023-11-07 09:15:00+05:30,43855.3,43875.0,43625.0,43671.3,431745,2495490
,2023-11-07 10:15:00+05:30,43672.1,43758.85,43663.0,43733.2,178020,2512620
,2023-11-07 11:15:00+05:30,43732.55,43758.45,43517.35,43555.0,495090,2538405
,2023-11-07 12:15:00+05:30,43555.0,43614.55,43526.75,43599.0,187905,2525670
,2023-11-07 13:15:00+05:30,43596.75,43855.0,43568.95,43829.1,513300,2444685
,2023-11-07 14:15:00+05:30,43829.1,43938.0,43796.15,43907.3,454050,2502375
,2023-11-07 15:15:00+05:30,43907.3,43979.0,43900.2,43945.0,207210,2463045
,2023-11-08 09:15:00+05:30,43901.0,43996.15,43810.55,43819.25,493215,2537700
,2023-11-08 10:15:00+05:30,43816.0,43890.0,43751.0,43776.35,372315,2574180
,2023-11-08 11:15:00+05:30,43776.8,43855.0,43758.0,43850.1,228375,2611200
,2023-11-08 12:15:00+05:30,43850.1,43861.9,43791.6,43836.95,167970,2643615
,2023-11-08 13:15:00+05:30,43836.95,43907.85,43807.0,43812.45,276855,2714685
,2023-11-08 14:15:00+05:30,43812.45,43875.0,43792.65,43838.3,488910,2780820
,2023-11-08 15:15:00+05:30,43837.55,43857.7,43806.65,43825.55,213930,2705130
,2023-11-09 09:15:00+05:30,43780.0,43949.95,43746.7,43907.85,588000,2689950
,2023-11-09 10:15:00+05:30,43907.85,43969.55,43861.9,43920.9,273525,2691525
,2023-11-09 11:15:00+05:30,43923.65,44075.0,43903.2,44034.9,392325,2688600
,2023-11-09 12:15:00+05:30,44034.9,44042.95,43903.25,43941.35,183630,2705580
,2023-11-09 13:15:00+05:30,43941.35,43999.0,43922.0,43987.55,132180,2721255
,2023-11-09 14:15:00+05:30,43994.0,44008.7,43901.0,43905.8,232815,2760975
,2023-11-09 15:15:00+05:30,43905.6,43930.0,43901.15,43907.45,181710,2783745
,2023-11-10 09:15:00+05:30,43741.2,43801.05,43355.55,43760.0,451965,2811525
,2023-11-10 10:15:00+05:30,43760.0,43938.95,43745.0,43858.4,350640,2815110
,2023-11-10 11:15:00+05:30,43850.0,43878.0,43803.9,43860.0,118530,2833545
,2023-11-10 12:15:00+05:30,43863.95,43979.65,43838.25,43934.0,315660,2827380
,2023-11-10 13:15:00+05:30,43933.65,43961.95,43854.35,43885.2,178725,2785320
,2023-11-10 14:15:00+05:30,43885.2,43957.0,43773.4,43914.15,406305,2769360
,2023-11-10 15:15:00+05:30,43916.95,44017.0,43916.95,44015.4,244860,2739540
,2023-11-12 18:15:00+05:30,44105.6,44145.0,43968.85,44042.0,514230,2676510
,2023-11-13 09:15:00+05:30,44019.9,44019.9,43909.45,43981.05,399585,2705760
,2023-11-13 10:15:00+05:30,43981.05,43988.25,43801.0,43875.85,378165,2723805
,2023-11-13 11:15:00+05:30,43875.85,44011.1,43867.05,43987.8,269460,2671065
,2023-11-13 12:15:00+05:30,43987.8,44045.0,43965.5,43998.5,151800,2661375
,2023-11-13 13:15:00+05:30,43998.5,44074.95,43979.1,44043.0,178515,2628525
,2023-11-13 14:15:00+05:30,44040.5,44085.0,43978.0,44021.25,194955,2574570
,2023-11-13 15:15:00+05:30,44021.25,44035.4,43990.9,44005.1,152490,2555250
,2023-11-15 09:15:00+05:30,44450.0,44454.65,44290.05,44360.0,881430,2315010
,2023-11-15 10:15:00+05:30,44360.1,44383.9,44305.05,44360.55,380985,2332200
,2023-11-15 11:15:00+05:30,44358.0,44380.45,44321.0,44360.25,206820,2302200
,2023-11-15 12:15:00+05:30,44364.8,44394.9,44333.45,44391.15,553560,2326050
,2023-11-15 13:15:00+05:30,44391.15,44429.5,44377.05,44409.35,317310,2249490
,2023-11-15 14:15:00+05:30,44409.35,44420.0,44362.9,44379.1,713055,2326395
,2023-11-15 15:15:00+05:30,44378.25,44429.85,44366.0,44412.4,226500,2369070
,2023-11-16 09:15:00+05:30,44390.85,44409.0,44260.55,44328.0,405525,2410065
,2023-11-16 10:15:00+05:30,44331.05,44533.85,44325.5,44524.4,271590,2377860
,2023-11-16 11:15:00+05:30,44534.0,44552.95,44420.0,44435.4,204915,2375850
,2023-11-16 12:15:00+05:30,44431.75,44480.0,44390.3,44435.25,108690,2370750
,2023-11-16 13:15:00+05:30,44435.25,44488.15,44392.5,44487.35,97995,2373855
,2023-11-16 14:15:00+05:30,44487.35,44518.9,44205.0,44242.5,535755,2235330
,2023-11-16 15:15:00+05:30,44247.8,44288.0,44241.1,44273.0,187890,2252550
,2023-11-17 09:15:00+05:30,43894.8,44066.2,43800.0,43800.0,1050765,2261850
,2023-11-17 10:15:00+05:30,43825.35,43891.3,43649.85,43773.0,640965,2358420
,2023-11-17 11:15:00+05:30,43768.55,43857.15,43743.4,43797.6,146745,2371230
,2023-11-17 12:15:00+05:30,43797.6,43842.0,43705.8,43799.9,137295,2381640
,2023-11-17 13:15:00+05:30,43799.9,43842.0,43730.0,43810.0,160515,2413290
,2023-11-17 14:15:00+05:30,43814.15,43828.15,43703.2,43740.0,253515,2393805
,2023-11-17 15:15:00+05:30,43740.0,43764.0,43662.15,43688.25,253410,2388075
,2023-11-20 09:15:00+05:30,43724.6,43724.6,43559.8,43683.45,385020,2307795
,2023-11-20 10:15:00+05:30,43683.55,43900.0,43669.1,43670.1,512535,2233575
,2023-11-20 11:15:00+05:30,43670.1,43754.15,43655.2,43741.4,156765,2232735
,2023-11-20 12:15:00+05:30,43741.4,43830.0,43718.1,43817.0,129240,2203380
,2023-11-20 13:15:00+05:30,43816.0,43838.0,43733.0,43752.45,101535,2195835
,2023-11-20 14:15:00+05:30,43752.45,43825.0,43725.1,43739.35,116745,2195565
,2023-11-20 15:15:00+05:30,43739.35,43758.3,43714.75,43720.0,82605,2185785
,2023-11-21 09:15:00+05:30,43840.0,43890.9,43763.55,43796.8,353880,2166120
,2023-11-21 10:15:00+05:30,43796.7,43854.25,43773.5,43822.2,153510,2135325
,2023-11-21 11:15:00+05:30,43822.2,43861.4,43807.95,43861.4,106590,2092395
,2023-11-21 12:15:00+05:30,43861.55,43897.45,43655.25,43730.6,431775,2047710
,2023-11-21 13:15:00+05:30,43731.55,43838.2,43725.0,43762.25,145695,2040225
,2023-11-21 14:15:00+05:30,43764.3,43824.95,43760.0,43789.4,120210,2008350
,2023-11-21 15:15:00+05:30,43789.4,43803.15,43782.75,43800.0,98820,2000985
,2023-11-22 09:15:00+05:30,43791.0,43795.3,43661.45,43736.0,290055,2019795
,2023-11-22 10:15:00+05:30,43736.0,43759.95,43615.0,43671.25,339525,2093655
,2023-11-22 11:15:00+05:30,43671.65,43694.9,43437.0,43437.0,691890,2140665
,2023-11-22 12:15:00+05:30,43435.45,43476.95,43375.0,43462.65,525330,2220645
,2023-11-22 13:15:00+05:30,43462.65,43488.05,43416.6,43430.35,266175,2273970
,2023-11-22 14:15:00+05:30,43430.35,43605.6,43427.75,43563.85,742620,2163120
,2023-11-22 15:15:00+05:30,43571.25,43627.8,43551.1,43623.0,213705,2141625
,2023-11-23 09:15:00+05:30,43614.2,43740.0,43562.0,43684.2,321915,2084055
,2023-11-23 10:15:00+05:30,43684.2,43712.0,43581.3,43605.0,155850,2075805
,2023-11-23 11:15:00+05:30,43605.45,43657.0,43599.4,43610.0,101805,2089185
,2023-11-23 12:15:00+05:30,43611.55,43708.3,43608.35,43652.8,97005,2064000
,2023-11-23 13:15:00+05:30,43652.8,43758.35,43634.0,43691.5,122280,2057520
,2023-11-23 14:15:00+05:30,43691.5,43715.55,43670.0,43689.8,116535,2027955
,2023-11-23 15:15:00+05:30,43689.8,43709.0,43668.25,43705.0,87855,2023620
,2023-11-24 09:15:00+05:30,43693.15,43699.9,43586.0,43636.55,265755,2001495
,2023-11-24 10:15:00+05:30,43636.55,43839.9,43616.95,43773.35,447555,2005455
,2023-11-24 11:15:00+05:30,43773.35,43816.3,43726.7,43777.3,126375,2001630
,2023-11-24 12:15:00+05:30,43782.55,43790.0,43638.2,43644.4,122595,1990005
,2023-11-24 13:15:00+05:30,43636.7,43792.85,43624.25,43767.6,187815,1988595
,2023-11-24 14:15:00+05:30,43767.6,43845.0,43751.55,43819.3,215940,1975965
,2023-11-24 15:15:00+05:30,43819.2,43830.0,43786.0,43794.0,114660,1989510
,2023-11-28 09:15:00+05:30,43867.95,43969.0,43791.1,43857.05,399660,1920615
,2023-11-28 10:15:00+05:30,43857.05,43913.0,43832.65,43864.1,170820,1904670
,2023-11-28 11:15:00+05:30,43864.1,43896.25,43850.0,43886.95,83430,1927320
,2023-11-28 12:15:00+05:30,43886.95,44048.4,43872.05,43932.85,372690,1937445
,2023-11-28 13:15:00+05:30,43929.4,43958.15,43893.25,43920.75,116670,1875435
,2023-11-28 14:15:00+05:30,43920.75,44013.55,43916.05,43981.65,275685,1885695
,2023-11-28 15:15:00+05:30,43977.0,44010.0,43971.3,44005.95,120900,1885920
0,2023-11-29 09:00:00,44100.0,44197.1,44022.1,44187.0,484440,1602990
1,2023-11-29 10:00:00,44181.6,44209.45,44150.0,44168.05,97935,1576485
2,2023-11-29 11:00:00,44165.0,44177.0,44142.1,44168.85,33210,1534905
3,2023-11-29 12:00:00,44355.05,44385.5,44355.0,44380.6,47325,1597650
4,2023-11-29 13:00:00,44353.3,44449.0,44340.0,44438.0,77100,1593435
5,2023-11-29 14:00:00,44396.15,44425.0,44371.0,44371.0,30915,1585080
6,2023-11-29 15:00:00,44547.45,44713.0,44534.55,44700.3,154095,1600710
0,2023-11-30 09:00:00,44745.0,44785.3,44373.15,44380.5,718680,1213500
1,2023-11-30 10:00:00,44386.7,44411.4,44313.0,44350.0,258135,1224390
2,2023-11-30 11:00:00,44360.2,44389.35,44285.0,44333.0,75030,1241730
3,2023-11-30 12:00:00,44332.6,44361.4,44305.0,44323.15,26955,1049565
4,2023-11-30 13:00:00,44309.0,44347.95,44307.35,44321.0,21165,987645
5,2023-11-30 14:00:00,44418.1,44418.35,44301.35,44314.85,60210,953070
6,2023-11-30 15:00:00,44411.55,44505.0,44362.0,44475.2,154260,828570
0,2023-12-01 09:00:00,44522.35,45230.6,44522.35,45145.05,703140,2554440
1,2023-12-01 10:00:00,45145.1,45178.15,45075.65,45114.65,287895,2574180
2,2023-12-01 11:00:00,45114.3,45199.0,45103.85,45150.2,194145,2549940
3,2023-12-01 12:00:00,45149.7,45163.3,45065.1,45100.85,131775,2529300
4,2023-12-01 13:00:00,45095.0,45175.9,45047.0,45153.7,214500,2456625
5,2023-12-01 14:00:00,45153.7,45191.5,45015.95,45067.8,393465,2363475
6,2023-12-01 15:00:00,45056.1,45097.9,45038.8,45063.0,257955,2299290
0,2023-12-04 09:00:00,45750.5,46018.85,45602.05,45959.55,1490280,2189880
1,2023-12-04 10:00:00,45955.95,46034.95,45887.75,45911.9,103065,2198145
2,2023-12-04 11:00:00,45914.1,45925.5,45856.0,45919.8,69690,2190825
3,2023-12-04 12:00:00,45955.0,46080.0,45945.1,46039.0,94380,2200845
4,2023-12-04 13:00:00,46226.6,46279.9,46176.25,46232.0,106365,2210745
5,2023-12-04 14:00:00,46277.9,46444.4,46266.0,46430.0,200760,2234970
6,2023-12-04 15:00:00,46599.0,46724.05,46509.15,46636.55,355440,2296185
0,2023-12-06 09:00:00,47302.05,47367.95,46911.0,46980.85,737970,2192310
1,2023-12-06 10:00:00,46975.05,47048.5,46845.0,47041.5,435120,2187195
2,2023-12-06 11:00:00,47047.0,47064.95,46953.15,46996.75,83520,2132340
3,2023-12-06 12:00:00,47008.1,47046.75,46992.6,47033.95,61050,2120625
4,2023-12-06 13:00:00,46948.55,46958.6,46891.9,46903.3,98445,2124300
5,2023-12-06 14:00:00,46984.0,47019.95,46945.05,46955.85,85110,2075835
6,2023-12-06 15:00:00,46968.45,46970.45,46905.4,46929.1,114495,2033940
6,2023-12-06 15:00:00,46968.45,46970.45,46887.05,46902.5,354675,2025465
