DateTime,Open,High,Low,Close
2023-07-11 11:30:00+05:30,,8309.95,8309.95,8309.95
2023-07-11 11:45:00+05:30,8309.95,8420.05,8309.95,8365.0
2023-07-11 12:00:00+05:30,8365.0,8420.05,8420.05,8420.05
2023-07-11 12:15:00+05:30,8420.05,8420.05,8420.05,8420.05
2023-07-11 12:30:00+05:30,8420.05,8420.05,8420.05,8420.05
2023-07-11 12:45:00+05:30,8420.05,8420.05,8420.05,8420.05
2023-07-11 13:00:00+05:30,8420.05,8420.05,8420.05,8420.05
2023-07-11 13:15:00+05:30,8420.05,8420.05,8420.05,8420.05
2023-07-11 13:30:00+05:30,8420.05,8420.05,8420.05,8420.05
2023-07-11 13:45:00+05:30,8420.05,8420.05,8420.05,8420.05
2023-07-11 14:00:00+05:30,8420.05,8420.05,8420.05,8420.05
2023-07-11 14:15:00+05:30,8420.05,8420.05,8420.05,8420.05
2023-07-11 14:30:00+05:30,8420.05,8420.05,8420.05,8420.05
2023-07-11 14:45:00+05:30,8420.05,8420.05,8420.05,8420.05
2023-07-11 15:00:00+05:30,8420.05,8420.05,8420.05,8420.05
2023-07-11 15:15:00+05:30,8420.05,8420.05,8420.05,8420.05
2023-07-12 09:15:00+05:30,8420.05,8420.05,8299.95,8360.0
2023-07-12 09:30:00+05:30,8360.0,8470.0,8200.0,8388.7625
2023-07-12 09:45:00+05:30,8442.525,8465.0,8465.0,8465.0
2023-07-12 10:00:00+05:30,8465.0,8465.0,8465.0,8465.0
2023-07-12 10:15:00+05:30,8465.0,8465.0,8465.0,8465.0
2023-07-12 10:30:00+05:30,8465.0,8465.0,8465.0,8465.0
2023-07-12 10:45:00+05:30,8465.0,8465.0,8465.0,8465.0
2023-07-12 11:00:00+05:30,8465.0,8465.0,8465.0,8465.0
2023-07-12 11:15:00+05:30,8465.0,8465.0,8465.0,8465.0
2023-07-12 11:30:00+05:30,8465.0,8465.0,8465.0,8465.0
2023-07-12 11:45:00+05:30,8465.0,8465.0,8465.0,8465.0
2023-07-12 12:00:00+05:30,8465.0,8465.0,8465.0,8465.0
2023-07-12 12:15:00+05:30,8465.0,8465.0,8465.0,8465.0
2023-07-12 12:30:00+05:30,8465.0,8465.0,8465.0,8465.0
2023-07-12 12:45:00+05:30,8465.0,8465.0,8465.0,8465.0
2023-07-12 13:00:00+05:30,8465.0,8465.0,8465.0,8465.0
2023-07-12 13:15:00+05:30,8465.0,8465.0,8465.0,8465.0
2023-07-12 13:30:00+05:30,8465.0,8465.0,8309.95,8387.475
2023-07-12 13:45:00+05:30,8387.475,8309.95,8309.95,8309.95
2023-07-12 14:00:00+05:30,8309.95,8309.95,8309.95,8309.95
2023-07-12 14:15:00+05:30,8309.95,8309.95,8309.95,8309.95
2023-07-12 14:30:00+05:30,8309.95,8309.95,8309.95,8309.95
2023-07-12 14:45:00+05:30,8309.95,8309.95,8309.95,8309.95
2023-07-12 15:00:00+05:30,8309.95,8309.95,8309.95,8309.95
2023-07-12 15:15:00+05:30,8309.95,8309.95,8309.95,8309.95
2023-07-13 09:15:00+05:30,8309.95,8391.95,8391.95,8391.95
2023-07-13 09:30:00+05:30,8391.95,8391.95,8391.95,8391.95
2023-07-13 09:45:00+05:30,8391.95,8391.95,8391.95,8391.95
2023-07-13 10:00:00+05:30,8391.95,8391.95,8391.95,8391.95
2023-07-13 10:15:00+05:30,8391.95,8391.95,8391.95,8391.95
2023-07-13 10:30:00+05:30,8391.95,8391.95,8391.95,8391.95
2023-07-13 10:45:00+05:30,8391.95,8391.95,8391.95,8391.95
2023-07-13 11:00:00+05:30,8391.95,8391.95,8391.95,8391.95
2023-07-13 11:15:00+05:30,8391.95,8391.95,8391.95,8391.95
2023-07-13 11:30:00+05:30,8391.95,8391.95,8391.95,8391.95
2023-07-13 11:45:00+05:30,8391.95,8391.95,8391.95,8391.95
2023-07-13 12:00:00+05:30,8391.95,8391.95,8391.95,8391.95
2023-07-13 12:15:00+05:30,8391.95,8391.95,8391.95,8391.95
2023-07-13 12:30:00+05:30,8391.95,8391.95,8391.95,8391.95
2023-07-13 12:45:00+05:30,8391.95,8391.95,8391.95,8391.95
2023-07-13 13:00:00+05:30,8391.95,8391.95,8391.95,8391.95
2023-07-13 13:15:00+05:30,8391.95,8391.95,8391.95,8391.95
2023-07-13 13:30:00+05:30,8391.95,8391.95,8391.95,8391.95
2023-07-13 13:45:00+05:30,8391.95,8391.95,8391.95,8391.95
2023-07-13 14:00:00+05:30,8391.95,8391.95,8391.95,8391.95
2023-07-13 14:15:00+05:30,8391.95,8391.95,8391.95,8391.95
2023-07-13 14:30:00+05:30,8391.95,8391.95,8391.95,8391.95
2023-07-13 14:45:00+05:30,8391.95,8391.95,8391.95,8391.95
2023-07-13 15:00:00+05:30,8391.95,8391.95,8391.95,8391.95
2023-07-13 15:15:00+05:30,8391.95,8545.0,8391.95,8468.475
2023-07-14 09:15:00+05:30,8468.475,8350.05,8350.0,8350.025
2023-07-14 09:30:00+05:30,8350.025,8350.0,8350.0,8350.0
2023-07-14 09:45:00+05:30,8350.0,8350.0,8350.0,8350.0
2023-07-14 10:00:00+05:30,8350.0,8350.0,8350.0,8350.0
2023-07-14 10:15:00+05:30,8350.0,8350.0,8350.0,8350.0
2023-07-14 10:30:00+05:30,8350.0,8350.0,8350.0,8350.0
2023-07-14 10:45:00+05:30,8350.0,8350.0,8350.0,8350.0
2023-07-14 11:00:00+05:30,8350.0,8350.0,8350.0,8350.0
2023-07-14 11:15:00+05:30,8350.0,8350.0,8350.0,8350.0
2023-07-14 11:30:00+05:30,8350.0,8350.0,8350.0,8350.0
2023-07-14 11:45:00+05:30,8350.0,8350.0,8350.0,8350.0
2023-07-14 12:00:00+05:30,8350.0,8350.0,8350.0,8350.0
2023-07-14 12:15:00+05:30,8350.0,8350.0,8350.0,8350.0
2023-07-14 12:30:00+05:30,8350.0,8350.0,8350.0,8350.0
2023-07-14 12:45:00+05:30,8350.0,8350.0,8350.0,8350.0
2023-07-14 13:00:00+05:30,8350.0,8350.0,8350.0,8350.0
2023-07-14 13:15:00+05:30,8350.0,8350.0,8350.0,8350.0
2023-07-14 13:30:00+05:30,8350.0,8350.0,8350.0,8350.0
2023-07-14 13:45:00+05:30,8350.0,8350.0,8350.0,8350.0
2023-07-14 14:00:00+05:30,8350.0,8350.0,8350.0,8350.0
2023-07-14 14:15:00+05:30,8350.0,8350.0,8350.0,8350.0
2023-07-14 14:30:00+05:30,8350.0,8350.0,8350.0,8350.0
2023-07-14 14:45:00+05:30,8350.0,8350.0,8350.0,8350.0
2023-07-14 15:00:00+05:30,8350.0,8350.0,8350.0,8350.0
2023-07-14 15:15:00+05:30,8350.0,8358.35,8350.0,8354.175
2023-07-17 14:30:00+05:30,8354.175,8440.0,8429.95,8434.975
2023-07-17 14:45:00+05:30,8434.975,8440.0,8440.0,8440.0
2023-07-17 15:00:00+05:30,8440.0,8440.0,8440.0,8440.0
2023-07-17 15:15:00+05:30,8440.0,8440.0,8440.0,8440.0
2023-07-19 10:00:00+05:30,8440.0,8462.0,8462.0,8462.0
2023-07-19 10:15:00+05:30,8462.0,8462.0,8462.0,8462.0
2023-07-19 10:30:00+05:30,8462.0,8462.0,8462.0,8462.0
2023-07-19 10:45:00+05:30,8462.0,8462.0,8462.0,8462.0
2023-07-19 11:00:00+05:30,8462.0,8462.0,8462.0,8462.0
2023-07-19 11:15:00+05:30,8462.0,8462.0,8462.0,8462.0
2023-07-19 11:30:00+05:30,8462.0,8462.0,8462.0,8462.0
2023-07-19 11:45:00+05:30,8462.0,8462.0,8462.0,8462.0
2023-07-19 12:00:00+05:30,8462.0,8462.0,8462.0,8462.0
2023-07-19 12:15:00+05:30,8462.0,8462.0,8462.0,8462.0
2023-07-19 12:30:00+05:30,8462.0,8462.0,8462.0,8462.0
2023-07-19 12:45:00+05:30,8462.0,8462.0,8462.0,8462.0
2023-07-19 13:00:00+05:30,8462.0,8462.0,8462.0,8462.0
2023-07-19 13:15:00+05:30,8462.0,8462.0,8462.0,8462.0
2023-07-19 13:30:00+05:30,8462.0,8462.0,8462.0,8462.0
2023-07-19 13:45:00+05:30,8462.0,8462.0,8462.0,8462.0
2023-07-19 14:00:00+05:30,8462.0,8462.0,8462.0,8462.0
2023-07-19 14:15:00+05:30,8462.0,8462.0,8462.0,8462.0
2023-07-19 14:30:00+05:30,8462.0,8462.0,8462.0,8462.0
2023-07-19 14:45:00+05:30,8462.0,8485.0,8462.0,8473.5
2023-07-19 15:00:00+05:30,8473.5,8485.0,8485.0,8485.0
2023-07-19 15:15:00+05:30,8485.0,8485.0,8471.05,8478.025
2023-07-20 10:30:00+05:30,8478.025,8512.7,8512.7,8512.7
2023-07-20 10:45:00+05:30,8512.7,8512.7,8512.7,8512.7
2023-07-20 11:00:00+05:30,8512.7,8512.7,8512.7,8512.7
2023-07-20 11:15:00+05:30,8512.7,8512.7,8512.7,8512.7
2023-07-20 11:30:00+05:30,8512.7,8512.7,8512.7,8512.7
2023-07-20 11:45:00+05:30,8512.7,8512.7,8512.7,8512.7
2023-07-20 12:00:00+05:30,8512.7,8512.7,8512.7,8512.7
2023-07-20 12:15:00+05:30,8512.7,8512.7,8512.7,8512.7
2023-07-20 12:30:00+05:30,8512.7,8512.7,8512.7,8512.7
2023-07-20 12:45:00+05:30,8512.7,8512.7,8512.7,8512.7
2023-07-20 13:00:00+05:30,8512.7,8512.7,8512.7,8512.7
2023-07-20 13:15:00+05:30,8512.7,8512.7,8512.7,8512.7
2023-07-20 13:30:00+05:30,8512.7,8512.7,8512.7,8512.7
2023-07-20 13:45:00+05:30,8512.7,8512.7,8512.7,8512.7
2023-07-20 14:00:00+05:30,8512.7,8512.7,8512.7,8512.7
2023-07-20 14:15:00+05:30,8512.7,8512.7,8512.7,8512.7
2023-07-20 14:30:00+05:30,8512.7,8512.7,8512.7,8512.7
2023-07-20 14:45:00+05:30,8512.7,8512.7,8512.7,8512.7
2023-07-20 15:00:00+05:30,8512.7,8512.7,8512.7,8512.7
2023-07-20 15:15:00+05:30,8512.7,8512.7,8458.9,8485.800000000001
2023-07-21 12:45:00+05:30,8485.8,8426.95,8426.95,8426.95
2023-07-21 13:00:00+05:30,8426.95,8426.95,8426.95,8426.95
2023-07-21 13:15:00+05:30,8426.95,8426.95,8426.95,8426.95
2023-07-21 13:30:00+05:30,8426.95,8426.95,8426.95,8426.95
2023-07-21 13:45:00+05:30,8426.95,8426.95,8314.95,8370.95
2023-07-21 14:00:00+05:30,8370.95,8314.95,8314.95,8314.95
2023-07-21 14:15:00+05:30,8314.95,8314.95,8314.95,8314.95
2023-07-21 14:30:00+05:30,8314.95,8314.95,8314.95,8314.95
2023-07-21 14:45:00+05:30,8314.95,8314.95,8314.95,8314.95
2023-07-21 15:00:00+05:30,8314.95,8314.95,8314.95,8314.95
2023-07-21 15:15:00+05:30,8314.95,8436.95,8314.95,8375.95
2023-07-24 09:15:00+05:30,8375.95,8450.05,8404.95,8427.5
2023-07-24 09:30:00+05:30,8427.5,8404.95,8404.95,8404.95
2023-07-24 09:45:00+05:30,8404.95,8404.95,8404.95,8404.95
2023-07-24 10:00:00+05:30,8404.95,8404.95,8404.95,8404.95
2023-07-24 10:15:00+05:30,8404.95,8404.95,8404.95,8404.95
2023-07-24 10:30:00+05:30,8404.95,8404.95,8404.95,8404.95
2023-07-24 10:45:00+05:30,8404.95,8404.95,8404.95,8404.95
2023-07-24 11:00:00+05:30,8404.95,8404.95,8404.95,8404.95
2023-07-24 11:15:00+05:30,8404.95,8404.95,8404.95,8404.95
2023-07-24 11:30:00+05:30,8404.95,8404.95,8404.95,8404.95
2023-07-24 11:45:00+05:30,8404.95,8404.95,8404.95,8404.95
2023-07-24 12:00:00+05:30,8404.95,8404.95,8404.95,8404.95
2023-07-24 12:15:00+05:30,8404.95,8404.95,8404.95,8404.95
2023-07-24 12:30:00+05:30,8404.95,8404.95,8404.95,8404.95
2023-07-24 12:45:00+05:30,8404.95,8404.95,8404.95,8404.95
2023-07-24 13:00:00+05:30,8404.95,8404.95,8404.95,8404.95
2023-07-24 13:15:00+05:30,8404.95,8404.95,8404.95,8404.95
2023-07-24 13:30:00+05:30,8404.95,8404.95,8404.95,8404.95
2023-07-24 13:45:00+05:30,8404.95,8404.95,8404.95,8404.95
2023-07-24 14:00:00+05:30,8404.95,8404.95,8404.95,8404.95
2023-07-24 14:15:00+05:30,8404.95,8404.95,8404.95,8404.95
2023-07-24 14:30:00+05:30,8404.95,8404.95,8404.95,8404.95
2023-07-24 14:45:00+05:30,8404.95,8404.95,8404.95,8404.95
2023-07-24 15:00:00+05:30,8404.95,8404.95,8404.95,8404.95
2023-07-24 15:15:00+05:30,8404.95,8404.95,8404.95,8404.95
2023-07-25 09:30:00+05:30,8404.95,8408.05,8394.95,8404.775
2023-07-25 09:45:00+05:30,8408.05,8408.05,8408.05,8408.05
2023-07-25 10:00:00+05:30,8408.05,8408.05,8408.05,8408.05
2023-07-25 10:15:00+05:30,8408.05,8408.05,8408.05,8408.05
2023-07-25 10:30:00+05:30,8408.05,8408.05,8408.05,8408.05
2023-07-25 10:45:00+05:30,8408.05,8408.05,8408.05,8408.05
2023-07-25 11:00:00+05:30,8408.05,8408.05,8408.05,8408.05
2023-07-25 11:15:00+05:30,8408.05,8408.05,8408.05,8408.05
2023-07-25 11:30:00+05:30,8408.05,8408.05,8408.05,8408.05
2023-07-25 11:45:00+05:30,8408.05,8408.05,8408.05,8408.05
2023-07-25 12:00:00+05:30,8408.05,8408.05,8408.05,8408.05
2023-07-25 12:15:00+05:30,8408.05,8408.05,8408.05,8408.05
2023-07-25 12:30:00+05:30,8408.05,8408.05,8408.05,8408.05
2023-07-25 12:45:00+05:30,8408.05,8408.05,8408.05,8408.05
2023-07-25 13:00:00+05:30,8408.05,8408.05,8408.05,8408.05
2023-07-25 13:15:00+05:30,8408.05,8408.05,8408.05,8408.05
2023-07-25 13:30:00+05:30,8408.05,8408.05,8408.05,8408.05
2023-07-25 13:45:00+05:30,8408.05,8408.05,8408.05,8408.05
2023-07-25 14:00:00+05:30,8408.05,8408.05,8408.05,8408.05
2023-07-25 14:15:00+05:30,8408.05,8408.05,8408.05,8408.05
2023-07-25 14:30:00+05:30,8408.05,8408.05,8408.05,8408.05
2023-07-25 14:45:00+05:30,8408.05,8408.05,8408.05,8408.05
2023-07-25 15:00:00+05:30,8408.05,8408.05,8408.05,8408.05
2023-07-25 15:15:00+05:30,8408.05,8408.05,8408.05,8408.05
2023-07-26 09:30:00+05:30,8408.05,8414.05,8414.05,8414.05
2023-07-26 09:45:00+05:30,8414.05,8414.05,8399.95,8410.525
2023-07-26 10:00:00+05:30,8414.05,8414.05,8414.05,8414.05
2023-07-26 10:15:00+05:30,8414.05,8414.05,8414.05,8414.05
2023-07-26 10:30:00+05:30,8414.05,8415.0,8414.05,8414.525
2023-07-26 10:45:00+05:30,8414.525,8415.0,8415.0,8415.0
2023-07-26 11:00:00+05:30,8415.0,8415.0,8415.0,8415.0
2023-07-26 11:15:00+05:30,8415.0,8415.0,8415.0,8415.0
2023-07-26 11:30:00+05:30,8415.0,8415.0,8415.0,8415.0
2023-07-26 11:45:00+05:30,8415.0,8415.0,8415.0,8415.0
2023-07-26 12:00:00+05:30,8415.0,8415.0,8415.0,8415.0
2023-07-26 12:15:00+05:30,8415.0,8415.0,8415.0,8415.0
2023-07-26 12:30:00+05:30,8415.0,8415.0,8415.0,8415.0
2023-07-26 12:45:00+05:30,8415.0,8415.0,8415.0,8415.0
2023-07-26 13:00:00+05:30,8415.0,8415.0,8415.0,8415.0
2023-07-26 13:15:00+05:30,8415.0,8415.0,8415.0,8415.0
2023-07-26 13:30:00+05:30,8415.0,8415.0,8415.0,8415.0
2023-07-26 13:45:00+05:30,8415.0,8415.0,8415.0,8415.0
2023-07-26 14:00:00+05:30,8415.0,8415.0,8415.0,8415.0
2023-07-26 14:15:00+05:30,8415.0,8415.0,8415.0,8415.0
2023-07-26 14:30:00+05:30,8415.0,8415.0,8415.0,8415.0
2023-07-26 14:45:00+05:30,8415.0,8415.0,8415.0,8415.0
2023-07-26 15:00:00+05:30,8415.0,8415.0,8402.85,8408.925
2023-07-26 15:15:00+05:30,8408.925,8402.85,8402.85,8402.85
2023-07-27 10:00:00+05:30,8402.85,8449.95,8449.95,8449.95
2023-07-27 10:15:00+05:30,8449.95,8474.05,8449.95,8462.0
2023-07-27 10:30:00+05:30,8462.0,8474.05,8474.05,8474.05
2023-07-27 10:45:00+05:30,8474.05,8474.05,8474.05,8474.05
2023-07-27 11:00:00+05:30,8474.05,8474.05,8474.05,8474.05
2023-07-27 11:15:00+05:30,8474.05,8474.05,8474.05,8474.05
2023-07-27 11:30:00+05:30,8474.05,8474.05,8474.05,8474.05
2023-07-27 11:45:00+05:30,8474.05,8474.05,8474.05,8474.05
2023-07-27 12:00:00+05:30,8474.05,8474.05,8474.05,8474.05
2023-07-27 12:15:00+05:30,8474.05,8474.05,8474.05,8474.05
2023-07-27 12:30:00+05:30,8474.05,8474.05,8474.05,8474.05
2023-07-27 12:45:00+05:30,8474.05,8474.05,8474.05,8474.05
2023-07-27 13:00:00+05:30,8474.05,8474.05,8474.05,8474.05
2023-07-27 13:15:00+05:30,8474.05,8474.05,8474.05,8474.05
2023-07-27 13:30:00+05:30,8474.05,8474.05,8474.05,8474.05
2023-07-27 13:45:00+05:30,8474.05,8474.05,8474.05,8474.05
2023-07-27 14:00:00+05:30,8474.05,8474.05,8474.05,8474.05
2023-07-27 14:15:00+05:30,8474.05,8474.05,8474.05,8474.05
2023-07-27 14:30:00+05:30,8474.05,8474.05,8474.05,8474.05
2023-07-27 14:45:00+05:30,8474.05,8474.05,8474.05,8474.05
2023-07-27 15:00:00+05:30,8474.05,8474.05,8474.05,8474.05
2023-07-27 15:15:00+05:30,8474.05,8474.05,8474.05,8474.05
2023-07-28 09:45:00+05:30,8474.05,8445.0,8445.0,8445.0
2023-07-28 10:00:00+05:30,8445.0,8445.0,8445.0,8445.0
2023-07-28 10:15:00+05:30,8445.0,8445.0,8445.0,8445.0
2023-07-28 10:30:00+05:30,8445.0,8445.0,8445.0,8445.0
2023-07-28 10:45:00+05:30,8445.0,8445.0,8445.0,8445.0
2023-07-28 11:00:00+05:30,8445.0,8445.0,8445.0,8445.0
2023-07-28 11:15:00+05:30,8445.0,8445.0,8445.0,8445.0
2023-07-28 11:30:00+05:30,8445.0,8445.0,8445.0,8445.0
2023-07-28 11:45:00+05:30,8445.0,8445.0,8445.0,8445.0
2023-07-28 12:00:00+05:30,8445.0,8445.0,8445.0,8445.0
2023-07-28 12:15:00+05:30,8445.0,8445.0,8445.0,8445.0
2023-07-28 12:30:00+05:30,8445.0,8445.0,8445.0,8445.0
2023-07-28 12:45:00+05:30,8445.0,8445.0,8445.0,8445.0
2023-07-28 13:00:00+05:30,8445.0,8445.0,8445.0,8445.0
2023-07-28 13:15:00+05:30,8445.0,8445.0,8445.0,8445.0
2023-07-28 13:30:00+05:30,8445.0,8445.0,8445.0,8445.0
2023-07-28 13:45:00+05:30,8445.0,8445.0,8445.0,8445.0
2023-07-28 14:00:00+05:30,8445.0,8445.0,8445.0,8445.0
2023-07-28 14:15:00+05:30,8445.0,8445.0,8445.0,8445.0
2023-07-28 14:30:00+05:30,8445.0,8445.0,8445.0,8445.0
2023-07-28 14:45:00+05:30,8445.0,8445.0,8445.0,8445.0
2023-07-28 15:00:00+05:30,8445.0,8445.0,8445.0,8445.0
2023-07-28 15:15:00+05:30,8445.0,8471.55,8445.0,8458.275
2023-07-31 09:15:00+05:30,8458.275,8459.7,8459.7,8459.7
2023-07-31 09:30:00+05:30,8459.7,8459.7,8459.7,8459.7
2023-07-31 09:45:00+05:30,8459.7,8459.7,8459.7,8459.7
2023-07-31 10:00:00+05:30,8459.7,8459.7,8459.7,8459.7
2023-07-31 10:15:00+05:30,8459.7,8459.7,8459.7,8459.7
2023-07-31 10:30:00+05:30,8459.7,8459.7,8459.7,8459.7
2023-07-31 10:45:00+05:30,8459.7,8459.7,8459.7,8459.7
2023-07-31 11:00:00+05:30,8459.7,8459.7,8459.7,8459.7
2023-07-31 11:15:00+05:30,8459.7,8459.7,8459.7,8459.7
2023-07-31 11:30:00+05:30,8459.7,8459.7,8459.7,8459.7
2023-07-31 11:45:00+05:30,8459.7,8459.7,8459.7,8459.7
2023-07-31 12:00:00+05:30,8459.7,8459.7,8459.7,8459.7
2023-07-31 12:15:00+05:30,8459.7,8459.7,8459.7,8459.7
2023-07-31 12:30:00+05:30,8459.7,8459.7,8459.7,8459.7
2023-07-31 12:45:00+05:30,8459.7,8459.7,8459.7,8459.7
2023-07-31 13:00:00+05:30,8459.7,8459.7,8459.7,8459.7
2023-07-31 13:15:00+05:30,8459.7,8459.7,8459.7,8459.7
2023-07-31 13:30:00+05:30,8459.7,8459.7,8459.7,8459.7
2023-07-31 13:45:00+05:30,8459.7,8459.7,8459.7,8459.7
2023-07-31 14:00:00+05:30,8459.7,8459.7,8459.7,8459.7
2023-07-31 14:15:00+05:30,8459.7,8459.7,8459.7,8459.7
2023-07-31 14:30:00+05:30,8459.7,8459.7,8459.7,8459.7
2023-07-31 14:45:00+05:30,8459.7,8459.7,8459.7,8459.7
2023-07-31 15:00:00+05:30,8459.7,8459.7,8459.7,8459.7
2023-07-31 15:15:00+05:30,8459.7,8590.0,8459.7,8524.85
2023-08-01 10:30:00+05:30,8524.85,8574.0,8574.0,8574.0
2023-08-01 10:45:00+05:30,8574.0,8574.0,8574.0,8574.0
2023-08-01 11:00:00+05:30,8574.0,8574.0,8574.0,8574.0
2023-08-01 11:15:00+05:30,8574.0,8574.0,8574.0,8574.0
2023-08-01 11:30:00+05:30,8574.0,8589.95,8541.05,8561.5125
2023-08-01 11:45:00+05:30,8557.525,8541.05,8541.05,8541.05
2023-08-01 12:00:00+05:30,8541.05,8541.05,8541.05,8541.05
2023-08-01 12:15:00+05:30,8541.05,8541.05,8541.05,8541.05
2023-08-01 12:30:00+05:30,8541.05,8541.05,8541.05,8541.05
2023-08-01 12:45:00+05:30,8541.05,8541.05,8541.0,8541.025
2023-08-01 13:00:00+05:30,8541.025,8541.0,8541.0,8541.0
2023-08-01 13:15:00+05:30,8541.0,8541.0,8541.0,8541.0
2023-08-01 13:30:00+05:30,8541.0,8541.0,8541.0,8541.0
2023-08-01 13:45:00+05:30,8541.0,8541.0,8541.0,8541.0
2023-08-01 14:00:00+05:30,8541.0,8541.0,8541.0,8541.0
2023-08-01 14:15:00+05:30,8541.0,8541.0,8541.0,8541.0
2023-08-01 14:30:00+05:30,8541.0,8541.0,8541.0,8541.0
2023-08-01 14:45:00+05:30,8541.0,8541.0,8541.0,8541.0
2023-08-01 15:00:00+05:30,8541.0,8541.0,8541.0,8541.0
2023-08-01 15:15:00+05:30,8541.0,8558.1,8541.0,8549.55
2023-08-03 11:30:00+05:30,8549.55,8558.1,8558.1,8558.1
2023-08-03 11:45:00+05:30,8558.1,8558.1,8558.1,8558.1
2023-08-03 12:00:00+05:30,8558.1,8558.1,8558.1,8558.1
2023-08-03 12:15:00+05:30,8558.1,8558.1,8558.1,8558.1
2023-08-03 12:30:00+05:30,8558.1,8558.1,8558.1,8558.1
2023-08-03 12:45:00+05:30,8558.1,8558.1,8558.1,8558.1
2023-08-03 13:00:00+05:30,8558.1,8558.1,8558.1,8558.1
2023-08-03 13:15:00+05:30,8558.1,8558.1,8558.1,8558.1
2023-08-03 13:30:00+05:30,8558.1,8558.1,8558.1,8558.1
2023-08-03 13:45:00+05:30,8558.1,8558.1,8558.1,8558.1
2023-08-03 14:00:00+05:30,8558.1,8558.1,8558.1,8558.1
2023-08-03 14:15:00+05:30,8558.1,8558.1,8558.1,8558.1
2023-08-03 14:30:00+05:30,8558.1,8558.1,8558.1,8558.1
2023-08-03 14:45:00+05:30,8558.1,8558.1,8558.1,8558.1
2023-08-03 15:00:00+05:30,8558.1,8558.1,8539.0,8548.55
2023-08-03 15:15:00+05:30,8548.55,8539.0,8539.0,8539.0
2023-08-04 12:00:00+05:30,8539.0,8600.8,8600.8,8600.8
2023-08-04 12:15:00+05:30,8600.8,8600.8,8600.8,8600.8
2023-08-04 12:30:00+05:30,8600.8,8600.8,8600.8,8600.8
2023-08-04 12:45:00+05:30,8600.8,8600.8,8600.8,8600.8
2023-08-04 13:00:00+05:30,8600.8,8600.8,8600.8,8600.8
2023-08-04 13:15:00+05:30,8600.8,8600.8,8600.8,8600.8
2023-08-04 13:30:00+05:30,8600.8,8600.8,8600.8,8600.8
2023-08-04 13:45:00+05:30,8600.8,8600.8,8600.8,8600.8
2023-08-04 14:00:00+05:30,8600.8,8600.8,8600.8,8600.8
2023-08-04 14:15:00+05:30,8600.8,8600.8,8600.8,8600.8
2023-08-04 14:30:00+05:30,8600.8,8600.8,8600.8,8600.8
2023-08-04 14:45:00+05:30,8600.8,8600.8,8600.8,8600.8
2023-08-04 15:00:00+05:30,8600.8,8600.8,8600.8,8600.8
2023-08-04 15:15:00+05:30,8600.8,8620.25,8600.8,8610.525
2023-08-07 09:30:00+05:30,8610.525,8596.5,8596.5,8596.5
2023-08-07 09:45:00+05:30,8596.5,8596.5,8596.5,8596.5
2023-08-07 10:00:00+05:30,8596.5,8596.5,8596.5,8596.5
2023-08-07 10:15:00+05:30,8596.5,8596.5,8596.5,8596.5
2023-08-07 10:30:00+05:30,8596.5,8596.5,8596.5,8596.5
2023-08-07 10:45:00+05:30,8596.5,8596.5,8596.5,8596.5
2023-08-07 11:00:00+05:30,8596.5,8596.5,8596.5,8596.5
2023-08-07 11:15:00+05:30,8596.5,8596.5,8596.5,8596.5
2023-08-07 11:30:00+05:30,8596.5,8596.5,8596.5,8596.5
2023-08-07 11:45:00+05:30,8596.5,8596.5,8596.5,8596.5
2023-08-07 12:00:00+05:30,8596.5,8596.5,8596.5,8596.5
2023-08-07 12:15:00+05:30,8596.5,8596.5,8596.5,8596.5
2023-08-07 12:30:00+05:30,8596.5,8596.5,8596.5,8596.5
2023-08-07 12:45:00+05:30,8596.5,8596.5,8596.5,8596.5
2023-08-07 13:00:00+05:30,8596.5,8596.5,8596.5,8596.5
2023-08-07 13:15:00+05:30,8596.5,8596.5,8596.5,8596.5
2023-08-07 13:30:00+05:30,8596.5,8596.5,8596.5,8596.5
2023-08-07 13:45:00+05:30,8596.5,8596.5,8596.5,8596.5
2023-08-07 14:00:00+05:30,8596.5,8596.5,8596.5,8596.5
2023-08-07 14:15:00+05:30,8596.5,8596.5,8596.5,8596.5
2023-08-07 14:30:00+05:30,8596.5,8596.5,8596.5,8596.5
2023-08-07 14:45:00+05:30,8596.5,8596.5,8596.5,8596.5
2023-08-07 15:00:00+05:30,8596.5,8596.5,8596.5,8596.5
2023-08-07 15:15:00+05:30,8596.5,8596.5,8596.5,8596.5
2023-08-08 10:45:00+05:30,8596.5,8590.05,8590.0,8590.025
2023-08-08 11:00:00+05:30,8590.025,8590.0,8590.0,8590.0
2023-08-08 11:15:00+05:30,8590.0,8590.0,8590.0,8590.0
2023-08-08 11:30:00+05:30,8590.0,8590.0,8590.0,8590.0
2023-08-08 11:45:00+05:30,8590.0,8590.0,8590.0,8590.0
2023-08-08 12:00:00+05:30,8590.0,8590.0,8590.0,8590.0
2023-08-08 12:15:00+05:30,8590.0,8590.0,8590.0,8590.0
2023-08-08 12:30:00+05:30,8590.0,8590.0,8590.0,8590.0
2023-08-08 12:45:00+05:30,8590.0,8590.0,8590.0,8590.0
2023-08-08 13:00:00+05:30,8590.0,8590.0,8590.0,8590.0
2023-08-08 13:15:00+05:30,8590.0,8590.0,8590.0,8590.0
2023-08-08 13:30:00+05:30,8590.0,8590.0,8590.0,8590.0
2023-08-08 13:45:00+05:30,8590.0,8590.0,8590.0,8590.0
2023-08-08 14:00:00+05:30,8590.0,8590.0,8590.0,8590.0
2023-08-08 14:15:00+05:30,8590.0,8590.0,8590.0,8590.0
2023-08-08 14:30:00+05:30,8590.0,8590.0,8590.0,8590.0
2023-08-08 14:45:00+05:30,8590.0,8590.0,8590.0,8590.0
2023-08-08 15:00:00+05:30,8590.0,8590.0,8590.0,8590.0
2023-08-08 15:15:00+05:30,8590.0,8590.0,8558.55,8574.275
2023-08-09 12:30:00+05:30,8574.275,8582.7,8582.7,8582.7
2023-08-09 12:45:00+05:30,8582.7,8582.7,8570.0,8576.35
2023-08-09 13:00:00+05:30,8576.35,8570.0,8570.0,8570.0
2023-08-09 13:15:00+05:30,8570.0,8570.0,8570.0,8570.0
2023-08-09 13:30:00+05:30,8570.0,8570.0,8570.0,8570.0
2023-08-09 13:45:00+05:30,8570.0,8689.95,8570.0,8629.975
2023-08-09 14:00:00+05:30,8629.975,8689.95,8574.35,8632.15
2023-08-09 14:15:00+05:30,8632.150000000001,8574.35,8574.35,8574.35
2023-08-09 14:30:00+05:30,8574.35,8574.35,8574.35,8574.35
2023-08-09 14:45:00+05:30,8574.35,8574.35,8574.35,8574.35
2023-08-09 15:00:00+05:30,8574.35,8574.35,8574.35,8574.35
2023-08-09 15:15:00+05:30,8574.35,8601.45,8574.35,8587.900000000001
2023-08-10 13:45:00+05:30,8587.900000000001,8607.95,8607.95,8607.95
2023-08-10 14:00:00+05:30,8607.95,8607.95,8607.95,8607.95
2023-08-10 14:15:00+05:30,8607.95,8607.95,8607.95,8607.95
2023-08-10 14:30:00+05:30,8607.95,8607.95,8607.95,8607.95
2023-08-10 14:45:00+05:30,8607.95,8607.95,8607.95,8607.95
2023-08-10 15:00:00+05:30,8607.95,8607.95,8607.95,8607.95
2023-08-10 15:15:00+05:30,8607.95,8607.95,8607.95,8607.95
2023-08-14 14:00:00+05:30,8607.95,8550.0,8550.0,8550.0
2023-08-14 14:15:00+05:30,8550.0,8550.0,8550.0,8550.0
2023-08-14 14:30:00+05:30,8550.0,8550.0,8550.0,8550.0
2023-08-14 14:45:00+05:30,8550.0,8550.0,8550.0,8550.0
2023-08-14 15:00:00+05:30,8550.0,8550.0,8550.0,8550.0
2023-08-14 15:15:00+05:30,8550.0,8550.0,8550.0,8550.0
2023-08-16 09:15:00+05:30,8550.0,8532.55,8532.55,8532.55
2023-08-16 09:30:00+05:30,8532.55,8532.55,8532.55,8532.55
2023-08-16 09:45:00+05:30,8532.55,8532.55,8532.55,8532.55
2023-08-16 10:00:00+05:30,8532.55,8532.55,8532.55,8532.55
2023-08-16 10:15:00+05:30,8532.55,8532.55,8532.55,8532.55
2023-08-16 10:30:00+05:30,8532.55,8532.55,8532.55,8532.55
2023-08-16 10:45:00+05:30,8532.55,8532.55,8532.55,8532.55
2023-08-16 11:00:00+05:30,8532.55,8532.55,8532.55,8532.55
2023-08-16 11:15:00+05:30,8532.55,8532.55,8532.55,8532.55
2023-08-16 11:30:00+05:30,8532.55,8532.55,8532.55,8532.55
2023-08-16 11:45:00+05:30,8532.55,8532.55,8532.55,8532.55
2023-08-16 12:00:00+05:30,8532.55,8532.55,8532.55,8532.55
2023-08-16 12:15:00+05:30,8532.55,8532.55,8532.55,8532.55
2023-08-16 12:30:00+05:30,8532.55,8532.55,8532.55,8532.55
2023-08-16 12:45:00+05:30,8532.55,8532.55,8532.55,8532.55
2023-08-16 13:00:00+05:30,8532.55,8532.55,8532.55,8532.55
2023-08-16 13:15:00+05:30,8532.55,8532.55,8532.55,8532.55
2023-08-16 13:30:00+05:30,8532.55,8532.55,8532.55,8532.55
2023-08-16 13:45:00+05:30,8532.55,8532.55,8532.55,8532.55
2023-08-16 14:00:00+05:30,8532.55,8532.55,8532.55,8532.55
2023-08-16 14:15:00+05:30,8532.55,8532.55,8532.55,8532.55
2023-08-16 14:30:00+05:30,8532.55,8532.55,8532.55,8532.55
2023-08-16 14:45:00+05:30,8532.55,8568.75,8532.55,8550.65
2023-08-16 15:00:00+05:30,8550.65,8568.75,8568.75,8568.75
2023-08-16 15:15:00+05:30,8568.75,8568.75,8568.75,8568.75
2023-08-17 11:15:00+05:30,8568.75,8600.0,8600.0,8600.0
2023-08-17 11:30:00+05:30,8600.0,8600.0,8600.0,8600.0
2023-08-17 11:45:00+05:30,8600.0,8600.0,8600.0,8600.0
2023-08-17 12:00:00+05:30,8600.0,8617.45,8600.0,8608.725
2023-08-17 12:15:00+05:30,8608.725,8617.45,8617.45,8617.45
2023-08-17 12:30:00+05:30,8617.45,8617.45,8617.45,8617.45
2023-08-17 12:45:00+05:30,8617.45,8617.45,8617.45,8617.45
2023-08-17 13:00:00+05:30,8617.45,8617.45,8617.45,8617.45
2023-08-17 13:15:00+05:30,8617.45,8617.45,8617.45,8617.45
2023-08-17 13:30:00+05:30,8617.45,8617.45,8617.45,8617.45
2023-08-17 13:45:00+05:30,8617.45,8617.45,8617.45,8617.45
2023-08-17 14:00:00+05:30,8617.45,8617.45,8617.45,8617.45
2023-08-17 14:15:00+05:30,8617.45,8617.45,8617.45,8617.45
2023-08-17 14:30:00+05:30,8617.45,8617.45,8617.45,8617.45
2023-08-17 14:45:00+05:30,8617.45,8617.45,8617.45,8617.45
2023-08-17 15:00:00+05:30,8617.45,8617.45,8617.45,8617.45
2023-08-17 15:15:00+05:30,8617.45,8617.45,8617.45,8617.45
2023-08-18 09:45:00+05:30,8617.45,8614.45,8614.45,8614.45
2023-08-18 10:00:00+05:30,8614.45,8614.45,8577.1,8596.725
2023-08-18 10:15:00+05:30,8597.675,8580.9,8580.9,8580.9
2023-08-18 10:30:00+05:30,8580.9,8580.9,8566.2,8573.55
2023-08-18 10:45:00+05:30,8573.55,8566.2,8558.55,8562.375
2023-08-18 11:00:00+05:30,8562.375,8558.55,8558.55,8558.55
2023-08-18 11:15:00+05:30,8558.55,8558.55,8558.55,8558.55
2023-08-18 11:30:00+05:30,8558.55,8558.55,8558.55,8558.55
2023-08-18 11:45:00+05:30,8558.55,8558.55,8558.55,8558.55
2023-08-18 12:00:00+05:30,8558.55,8575.0,8558.55,8566.775
2023-08-18 12:15:00+05:30,8566.775,8575.0,8575.0,8575.0
2023-08-18 12:30:00+05:30,8575.0,8575.0,8575.0,8575.0
2023-08-18 12:45:00+05:30,8575.0,8575.0,8575.0,8575.0
2023-08-18 13:00:00+05:30,8575.0,8575.0,8575.0,8575.0
2023-08-18 13:15:00+05:30,8575.0,8575.0,8575.0,8575.0
2023-08-18 13:30:00+05:30,8575.0,8575.0,8575.0,8575.0
2023-08-18 13:45:00+05:30,8575.0,8575.0,8575.0,8575.0
2023-08-18 14:00:00+05:30,8575.0,8575.0,8575.0,8575.0
2023-08-18 14:15:00+05:30,8575.0,8584.0,8575.0,8579.5
2023-08-18 14:30:00+05:30,8579.5,8584.0,8584.0,8584.0
2023-08-18 14:45:00+05:30,8584.0,8584.0,8584.0,8584.0
2023-08-18 15:00:00+05:30,8584.0,8584.0,8584.0,8584.0
2023-08-18 15:15:00+05:30,8584.0,8584.0,8584.0,8584.0
2023-08-21 10:15:00+05:30,8584.0,8688.35,8688.35,8688.35
2023-08-21 10:30:00+05:30,8688.35,8688.35,8646.25,8667.3
2023-08-21 10:45:00+05:30,8667.3,8646.25,8646.25,8646.25
2023-08-21 11:00:00+05:30,8646.25,8646.25,8646.25,8646.25
2023-08-21 11:15:00+05:30,8646.25,8646.25,8646.25,8646.25
2023-08-21 11:30:00+05:30,8646.25,8646.25,8646.25,8646.25
2023-08-21 11:45:00+05:30,8646.25,8646.25,8646.25,8646.25
2023-08-21 12:00:00+05:30,8646.25,8646.25,8646.25,8646.25
2023-08-21 12:15:00+05:30,8646.25,8646.25,8646.25,8646.25
2023-08-21 12:30:00+05:30,8646.25,8646.25,8646.25,8646.25
2023-08-21 12:45:00+05:30,8646.25,8646.25,8646.25,8646.25
2023-08-21 13:00:00+05:30,8646.25,8646.25,8646.25,8646.25
2023-08-21 13:15:00+05:30,8646.25,8646.25,8646.25,8646.25
2023-08-21 13:30:00+05:30,8646.25,8646.25,8646.25,8646.25
2023-08-21 13:45:00+05:30,8646.25,8646.25,8646.25,8646.25
2023-08-21 14:00:00+05:30,8646.25,8646.25,8646.25,8646.25
2023-08-21 14:15:00+05:30,8646.25,8646.25,8646.25,8646.25
2023-08-21 14:30:00+05:30,8646.25,8646.25,8646.25,8646.25
2023-08-21 14:45:00+05:30,8646.25,8646.25,8646.25,8646.25
2023-08-21 15:00:00+05:30,8646.25,8646.25,8646.25,8646.25
2023-08-21 15:15:00+05:30,8646.25,8660.0,8611.85,8644.525
2023-08-22 10:45:00+05:30,8653.125,8697.9,8697.9,8697.9
2023-08-22 11:00:00+05:30,8697.9,8697.9,8697.9,8697.9
2023-08-22 11:15:00+05:30,8697.9,8697.9,8697.9,8697.9
2023-08-22 11:30:00+05:30,8697.9,8697.9,8697.9,8697.9
2023-08-22 11:45:00+05:30,8697.9,8697.9,8697.9,8697.9
2023-08-22 12:00:00+05:30,8697.9,8697.9,8697.9,8697.9
2023-08-22 12:15:00+05:30,8697.9,8697.9,8697.9,8697.9
2023-08-22 12:30:00+05:30,8697.9,8697.9,8690.0,8693.95
2023-08-22 12:45:00+05:30,8693.95,8690.0,8690.0,8690.0
2023-08-22 13:00:00+05:30,8690.0,8698.0,8690.0,8694.0
2023-08-22 13:15:00+05:30,8694.0,8698.0,8698.0,8698.0
2023-08-22 13:30:00+05:30,8698.0,8707.8,8698.0,8702.9
2023-08-22 13:45:00+05:30,8702.9,8707.8,8692.5,8702.375
2023-08-22 14:00:00+05:30,8704.599999999999,8701.4,8701.4,8701.4
2023-08-22 14:15:00+05:30,8701.4,8701.4,8701.4,8701.4
2023-08-22 14:30:00+05:30,8701.4,8701.4,8701.4,8701.4
2023-08-22 14:45:00+05:30,8701.4,8701.4,8701.4,8701.4
2023-08-22 15:00:00+05:30,8701.4,8711.15,8701.4,8706.275
2023-08-22 15:15:00+05:30,8706.275,8711.15,8711.15,8711.15
2023-08-23 09:15:00+05:30,8711.15,8758.9,8758.9,8758.9
2023-08-23 09:30:00+05:30,8758.9,8764.95,8758.9,8761.925
2023-08-23 09:45:00+05:30,8761.925,8797.85,8757.6,8770.9375
2023-08-23 10:00:00+05:30,8764.150000000001,8763.35,8763.35,8763.35
2023-08-23 10:15:00+05:30,8763.35,8763.35,8763.35,8763.35
2023-08-23 10:30:00+05:30,8763.35,8780.0,8763.35,8771.675
2023-08-23 10:45:00+05:30,8771.675,8780.0,8780.0,8780.0
2023-08-23 11:00:00+05:30,8780.0,8780.25,8780.0,8780.125
2023-08-23 11:15:00+05:30,8780.125,8790.0,8780.25,8784.775
2023-08-23 11:30:00+05:30,8784.425,8788.6,8786.95,8787.775000000001
2023-08-23 11:45:00+05:30,8787.775000000001,8786.95,8786.95,8786.95
2023-08-23 12:00:00+05:30,8786.95,8786.95,8783.0,8784.975
2023-08-23 12:15:00+05:30,8784.975,8783.0,8769.85,8776.425
2023-08-23 12:30:00+05:30,8776.425,8769.85,8769.85,8769.85
2023-08-23 12:45:00+05:30,8769.85,8769.85,8769.0,8769.425
2023-08-23 13:00:00+05:30,8769.425,8769.0,8769.0,8769.0
2023-08-23 13:15:00+05:30,8769.0,8789.95,8769.0,8779.475
2023-08-23 13:30:00+05:30,8779.475,8789.95,8775.0,8782.475
2023-08-23 13:45:00+05:30,8782.475,8785.0,8775.0,8780.0
2023-08-23 14:00:00+05:30,8780.0,8785.0,8785.0,8785.0
2023-08-23 14:15:00+05:30,8785.0,8785.0,8780.05,8782.525
2023-08-23 14:30:00+05:30,8782.525,8780.05,8780.05,8780.05
2023-08-23 14:45:00+05:30,8780.05,8800.0,8780.05,8790.025
2023-08-23 15:00:00+05:30,8790.025,8800.0,8800.0,8800.0
2023-08-23 15:15:00+05:30,8800.0,8800.0,8798.85,8799.425
2023-08-24 09:15:00+05:30,8799.425,8841.0,8827.0,8834.0
2023-08-24 09:30:00+05:30,8834.0,8827.0,8815.0,8823.4875
2023-08-24 09:45:00+05:30,8825.975,8830.0,8824.95,8827.475
2023-08-24 10:00:00+05:30,8827.475,8830.0,8820.3,8825.15
2023-08-24 10:15:00+05:30,8825.15,8839.95,8820.3,8830.125
2023-08-24 10:30:00+05:30,8830.125,8839.95,8820.0,8829.975
2023-08-24 10:45:00+05:30,8829.975,8849.95,8820.0,8830.1125
2023-08-24 11:00:00+05:30,8825.25,8830.5,8830.5,8830.5
2023-08-24 11:15:00+05:30,8830.5,8834.95,8830.5,8832.725
2023-08-24 11:30:00+05:30,8832.725,8834.95,8834.95,8834.95
2023-08-24 11:45:00+05:30,8834.95,8849.0,8834.95,8841.975
2023-08-24 12:00:00+05:30,8841.975,8849.0,8822.65,8835.825
2023-08-24 12:15:00+05:30,8835.825,8822.65,8807.05,8814.849999999999
2023-08-24 12:30:00+05:30,8814.849999999999,8807.05,8807.05,8807.05
2023-08-24 12:45:00+05:30,8807.05,8825.0,8807.05,8816.025
2023-08-24 13:00:00+05:30,8816.025,8830.15,8825.0,8827.575
2023-08-24 13:15:00+05:30,8827.575,8830.15,8830.15,8830.15
2023-08-24 13:30:00+05:30,8830.15,8830.15,8830.15,8830.15
2023-08-24 13:45:00+05:30,8830.15,8830.15,8830.15,8830.15
2023-08-24 14:00:00+05:30,8830.15,8830.15,8830.15,8830.15
2023-08-24 14:15:00+05:30,8830.15,8830.15,8812.6,8821.375
2023-08-24 14:30:00+05:30,8821.375,8812.6,8810.0,8811.3
2023-08-24 14:45:00+05:30,8811.3,8811.0,8810.0,8810.25
2023-08-24 15:00:00+05:30,8810.0,8810.0,8810.0,8810.0
2023-08-24 15:15:00+05:30,8810.0,8814.95,8792.1,8808.0
2023-08-25 09:15:00+05:30,8812.475,8824.85,8775.0,8799.925
2023-08-25 09:30:00+05:30,8799.925,8824.85,8804.1,8814.475
2023-08-25 09:45:00+05:30,8814.475,8804.1,8771.15,8787.825
2023-08-25 10:00:00+05:30,8788.025000000001,8771.95,8771.95,8771.95
2023-08-25 10:15:00+05:30,8771.95,8777.1,8750.15,8762.337500000001
2023-08-25 10:30:00+05:30,8761.05,8752.25,8728.55,8739.875
2023-08-25 10:45:00+05:30,8739.349999999999,8728.55,8728.55,8728.55
2023-08-25 11:00:00+05:30,8728.55,8758.6,8727.45,8743.300000000001
2023-08-25 11:15:00+05:30,8743.575,8758.6,8746.1,8752.35
2023-08-25 11:30:00+05:30,8752.35,8755.0,8746.1,8749.599999999999
2023-08-25 11:45:00+05:30,8748.650000000001,8760.0,8751.2,8754.1875
2023-08-25 12:00:00+05:30,8752.775000000001,8754.35,8754.35,8754.35
2023-08-25 12:15:00+05:30,8754.35,8754.35,8733.75,8744.05
2023-08-25 12:30:00+05:30,8744.05,8733.75,8733.75,8733.75
2023-08-25 12:45:00+05:30,8733.75,8733.75,8733.75,8733.75
2023-08-25 13:00:00+05:30,8733.75,8733.75,8733.75,8733.75
2023-08-25 13:15:00+05:30,8733.75,8736.0,8733.75,8734.875
2023-08-25 13:30:00+05:30,8734.875,8741.0,8736.0,8738.5
2023-08-25 13:45:00+05:30,8738.5,8741.0,8740.0,8740.5
2023-08-25 14:00:00+05:30,8740.5,8741.05,8735.0,8738.2625
2023-08-25 14:15:00+05:30,8738.5,8737.0,8737.0,8737.0
2023-08-25 14:30:00+05:30,8737.0,8737.0,8728.0,8732.5
2023-08-25 14:45:00+05:30,8732.5,8728.0,8728.0,8728.0
2023-08-25 15:00:00+05:30,8728.0,8753.2,8726.25,8733.425
2023-08-25 15:15:00+05:30,8727.125,8729.15,8714.0,8721.85
2023-08-28 09:15:00+05:30,8722.125,8769.95,8752.85,8761.9375
2023-08-28 09:30:00+05:30,8762.475,8755.0,8740.05,8748.85
2023-08-28 09:45:00+05:30,8750.175,8760.0,8743.8,8748.2375
2023-08-28 10:00:00+05:30,8744.575,8749.0,8741.05,8744.7125
2023-08-28 10:15:00+05:30,8744.4,8750.0,8745.0,8747.5
2023-08-28 10:30:00+05:30,8747.5,8752.95,8744.0,8749.7375
2023-08-28 10:45:00+05:30,8751.0,8755.45,8748.0,8750.8625
2023-08-28 11:00:00+05:30,8750.0,8759.95,8747.5,8753.85
2023-08-28 11:15:00+05:30,8753.975,8760.0,8759.95,8759.975
2023-08-28 11:30:00+05:30,8759.975,8765.0,8760.0,8762.5
2023-08-28 11:45:00+05:30,8762.5,8771.2,8754.35,8763.5125
2023-08-28 12:00:00+05:30,8764.25,8772.85,8763.4,8768.1625
2023-08-28 12:15:00+05:30,8768.2,8775.5,8771.95,8773.7875
2023-08-28 12:30:00+05:30,8773.85,8782.0,8774.55,8777.5
2023-08-28 12:45:00+05:30,8776.725,8780.5,8770.0,8775.575
2023-08-28 13:00:00+05:30,8775.900000000001,8776.95,8767.0,8773.087500000001
2023-08-28 13:15:00+05:30,8774.2,8790.95,8775.2,8782.400000000001
2023-08-28 13:30:00+05:30,8781.725,8790.85,8778.0,8786.6
2023-08-28 13:45:00+05:30,8788.775000000001,8790.95,8785.05,8788.95
2023-08-28 14:00:00+05:30,8789.900000000001,8795.55,8785.1,8790.25
2023-08-28 14:15:00+05:30,8790.175,8790.05,8779.95,8786.7625
2023-08-28 14:30:00+05:30,8788.525,8790.05,8784.8,8787.5875
2023-08-28 14:45:00+05:30,8787.75,8790.0,8782.0,8787.5625
2023-08-28 15:00:00+05:30,8789.125,8796.35,8782.75,8791.175
2023-08-28 15:15:00+05:30,8792.8,8798.25,8780.0,8788.525
2023-08-29 09:15:00+05:30,8787.925,8809.95,8787.7,8796.212500000001
2023-08-29 09:30:00+05:30,8793.6,8820.0,8792.55,8807.075
2023-08-29 09:45:00+05:30,8807.875,8827.85,8816.25,8822.05
2023-08-29 10:00:00+05:30,8822.05,8827.85,8810.0,8821.175
2023-08-29 10:15:00+05:30,8823.425,8819.0,8809.8,8815.1125
2023-08-29 10:30:00+05:30,8815.825,8824.65,8812.65,8818.099999999999
2023-08-29 10:45:00+05:30,8817.55,8827.8,8815.05,8823.275
2023-08-29 11:00:00+05:30,8825.125,8827.8,8821.65,8824.725
2023-08-29 11:15:00+05:30,8824.724999999999,8835.05,8821.65,8827.8375
2023-08-29 11:30:00+05:30,8827.325,8833.0,8821.85,8828.8125
2023-08-29 11:45:00+05:30,8830.2,8828.0,8818.45,8824.712500000001
2023-08-29 12:00:00+05:30,8826.2,8831.1,8825.0,8828.05
2023-08-29 12:15:00+05:30,8828.05,8839.8,8831.1,8834.25
2023-08-29 12:30:00+05:30,8833.05,8838.0,8826.05,8833.3125
2023-08-29 12:45:00+05:30,8834.6,8836.95,8832.05,8834.3625
2023-08-29 13:00:00+05:30,8834.225,8838.0,8830.5,8834.1
2023-08-29 13:15:00+05:30,8833.95,8833.7,8821.7,8830.2625
2023-08-29 13:30:00+05:30,8832.825,8833.1,8823.9,8829.4
2023-08-29 13:45:00+05:30,8830.3,8832.1,8823.1,8826.725
2023-08-29 14:00:00+05:30,8825.85,8830.5,8823.1,8825.387499999999
2023-08-29 14:15:00+05:30,8823.975,8824.85,8809.0,8817.6
2023-08-29 14:30:00+05:30,8818.275000000001,8829.4,8811.7,8818.2375
2023-08-29 14:45:00+05:30,8815.925,8822.75,8815.7,8819.6625
2023-08-29 15:00:00+05:30,8820.099999999999,8830.0,8817.75,8824.45
2023-08-29 15:15:00+05:30,8825.025,8839.2,8824.05,8833.0125
2023-08-30 09:15:00+05:30,8834.4,8895.0,8850.1,8872.55
2023-08-30 09:30:00+05:30,8872.55,8899.95,8889.05,8893.2625
2023-08-30 09:45:00+05:30,8892.025,8895.5,8886.6,8891.6
2023-08-30 10:00:00+05:30,8892.15,8895.25,8888.55,8892.35
2023-08-30 10:15:00+05:30,8892.8,8890.35,8882.6,8887.075
2023-08-30 10:30:00+05:30,8887.675,8888.2,8883.0,8884.3
2023-08-30 10:45:00+05:30,8883.0,8890.15,8883.0,8886.5375
2023-08-30 11:00:00+05:30,8886.5,8894.1,8887.05,8890.875
2023-08-30 11:15:00+05:30,8891.175,8900.0,8892.35,8896.175
2023-08-30 11:30:00+05:30,8896.175,8900.9,8896.0,8898.6
2023-08-30 11:45:00+05:30,8898.75,8914.2,8895.05,8902.7875
2023-08-30 12:00:00+05:30,8900.95,8919.95,8904.4,8911.5625
2023-08-30 12:15:00+05:30,8910.95,8918.5,8917.0,8917.8625
2023-08-30 12:30:00+05:30,8917.975,8920.05,8911.9,8916.162499999999
2023-08-30 12:45:00+05:30,8916.35,8917.0,8910.4,8914.1375
2023-08-30 13:00:00+05:30,8914.575,8919.15,8913.7,8917.012499999999
2023-08-30 13:15:00+05:30,8917.599999999999,8919.6,8916.0,8918.2125
2023-08-30 13:30:00+05:30,8918.625,8923.7,8915.85,8918.95
2023-08-30 13:45:00+05:30,8918.125,8921.45,8916.0,8918.287499999999
2023-08-30 14:00:00+05:30,8917.849999999999,8922.15,8910.0,8915.3
2023-08-30 14:15:00+05:30,8914.525,8910.0,8905.0,8907.7375
2023-08-30 14:30:00+05:30,8907.975,8908.15,8904.05,8905.875
2023-08-30 14:45:00+05:30,8905.650000000001,8911.55,8901.35,8904.9
2023-08-30 15:00:00+05:30,8903.35,8907.45,8896.65,8900.912500000002
2023-08-30 15:15:00+05:30,8899.775000000001,8901.9,8889.1,8897.25
2023-08-31 09:15:00+05:30,8899.0,8938.55,8900.0,8913.0625
2023-08-31 09:30:00+05:30,8906.849999999999,8937.6,8909.25,8923.125
2023-08-31 09:45:00+05:30,8922.825,8938.0,8931.0,8934.75
2023-08-31 10:00:00+05:30,8935.0,8938.0,8913.2,8927.35
2023-08-31 10:15:00+05:30,8929.1,8924.0,8919.0,8920.55
2023-08-31 10:30:00+05:30,8919.6,8919.0,8913.0,8916.0
2023-08-31 10:45:00+05:30,8916.0,8920.4,8913.0,8914.85
2023-08-31 11:00:00+05:30,8913.0,8918.0,8913.0,8915.375
2023-08-31 11:15:00+05:30,8915.25,8925.0,8916.0,8920.75
2023-08-31 11:30:00+05:30,8921.0,8934.0,8925.0,8928.0875
2023-08-31 11:45:00+05:30,8926.675,8928.35,8919.95,8924.150000000001
2023-08-31 12:00:00+05:30,8924.150000000001,8922.0,8916.05,8918.5125
2023-08-31 12:15:00+05:30,8918.0,8918.15,8914.85,8916.012499999999
2023-08-31 12:30:00+05:30,8915.525,8917.95,8912.65,8914.5625
2023-08-31 12:45:00+05:30,8913.825,8916.5,8907.95,8911.525000000001
2023-08-31 13:00:00+05:30,8910.825,8910.1,8906.0,8908.8
2023-08-31 13:15:00+05:30,8909.55,8910.1,8893.65,8905.8875
2023-08-31 13:30:00+05:30,8909.900000000001,8920.9,8909.7,8913.5375
2023-08-31 13:45:00+05:30,8911.775000000001,8916.25,8910.3,8912.675
2023-08-31 14:00:00+05:30,8912.075,8910.3,8902.35,8906.324999999999
2023-08-31 14:15:00+05:30,8906.325,8906.5,8893.05,8899.224999999999
2023-08-31 14:30:00+05:30,8898.675,8895.0,8854.05,8875.6125
2023-08-31 14:45:00+05:30,8876.7,8868.25,8848.05,8860.7375
2023-08-31 15:00:00+05:30,8863.325,8929.65,8868.25,8898.95
2023-08-31 15:15:00+05:30,8898.95,8930.0,8900.25,8916.3625
2023-09-01 09:15:00+05:30,8917.6,8929.85,8901.9,8919.8375
2023-09-01 09:30:00+05:30,8923.8,8919.9,8897.85,8908.3375
2023-09-01 09:45:00+05:30,8907.8,8900.5,8875.3,8888.4875
2023-09-01 10:00:00+05:30,8889.075,8880.3,8859.9,8873.0875
2023-09-01 10:15:00+05:30,8876.075,8885.95,8869.4,8876.862500000001
2023-09-01 10:30:00+05:30,8876.05,8880.25,8872.25,8877.1875
2023-09-01 10:45:00+05:30,8878.125,8883.6,8876.0,8879.8
2023-09-01 11:00:00+05:30,8879.8,8901.05,8883.6,8890.3375
2023-09-01 11:15:00+05:30,8888.35,8898.9,8887.75,8891.875
2023-09-01 11:30:00+05:30,8890.425,8890.25,8885.05,8888.2625
2023-09-01 11:45:00+05:30,8888.875,8890.0,8880.8,8885.4
2023-09-01 12:00:00+05:30,8885.4,8893.95,8880.8,8885.525
2023-09-01 12:15:00+05:30,8883.675,8891.2,8882.5,8887.8625
2023-09-01 12:30:00+05:30,8888.875,8900.0,8888.05,8893.525
2023-09-01 12:45:00+05:30,8893.025000000001,8898.7,8891.7,8895.95
2023-09-01 13:00:00+05:30,8896.7,8908.1,8898.55,8903.2875
2023-09-01 13:15:00+05:30,8903.25,8909.45,8904.0,8907.712500000001
2023-09-01 13:30:00+05:30,8908.7,8920.0,8903.25,8912.4375
2023-09-01 13:45:00+05:30,8913.25,8924.0,8916.85,8918.837500000001
2023-09-01 14:00:00+05:30,8917.25,8934.75,8915.9,8925.7125
2023-09-01 14:15:00+05:30,8926.1,8946.15,8931.9,8938.7
2023-09-01 14:30:00+05:30,8938.375,8944.2,8933.8,8940.55
2023-09-01 14:45:00+05:30,8942.1,8942.2,8936.45,8939.325
2023-09-01 15:00:00+05:30,8939.325,8941.95,8930.15,8935.95
2023-09-01 15:15:00+05:30,8935.85,8952.2,8933.8,8943.3625
2023-09-04 09:15:00+05:30,8943.725,8984.0,8958.5,8968.0
2023-09-04 09:30:00+05:30,8964.75,8971.45,8953.95,8962.837500000001
2023-09-04 09:45:00+05:30,8962.975,8966.8,8953.5,8959.3125
2023-09-04 10:00:00+05:30,8958.475,8965.3,8951.0,8957.325
2023-09-04 10:15:00+05:30,8956.5,8962.35,8951.0,8956.675
2023-09-04 10:30:00+05:30,8956.675,8971.25,8934.45,8951.025
2023-09-04 10:45:00+05:30,8949.2,8945.0,8933.35,8939.2375
2023-09-04 11:00:00+05:30,8939.3,8959.0,8942.55,8950.775
2023-09-04 11:15:00+05:30,8950.775,8960.0,8952.1,8955.8
2023-09-04 11:30:00+05:30,8955.55,8952.1,8944.55,8948.325
2023-09-04 11:45:00+05:30,8948.325,8951.5,8944.55,8948.025
2023-09-04 12:00:00+05:30,8948.025,8957.95,8947.95,8951.337500000001
2023-09-04 12:15:00+05:30,8949.725,8953.1,8947.95,8950.2625
2023-09-04 12:30:00+05:30,8950.0,8955.0,8951.95,8953.2
2023-09-04 12:45:00+05:30,8952.925,8954.75,8952.0,8953.4875
2023-09-04 13:00:00+05:30,8953.599999999999,8968.0,8953.0,8960.1
2023-09-04 13:15:00+05:30,8959.7,8974.0,8965.0,8969.625
2023-09-04 13:30:00+05:30,8969.75,8978.0,8969.6,8973.1375
2023-09-04 13:45:00+05:30,8972.475,8972.35,8963.25,8968.675000000001
2023-09-04 14:00:00+05:30,8969.55,8967.65,8962.95,8965.375
2023-09-04 14:15:00+05:30,8965.45,8967.65,8960.95,8964.875
2023-09-04 14:30:00+05:30,8965.45,8969.9,8965.45,8967.8
2023-09-04 14:45:00+05:30,8967.925,8971.6,8965.05,8968.0125
2023-09-04 15:00:00+05:30,8967.7,8971.0,8961.9,8967.275
2023-09-04 15:15:00+05:30,8968.1,8983.2,8967.2,8974.85
2023-09-05 09:15:00+05:30,8974.5,8997.75,8980.0,8987.4125
2023-09-05 09:30:00+05:30,8985.95,9010.0,8991.2,8999.9375
2023-09-05 09:45:00+05:30,8999.275,9018.1,9006.65,9010.35
2023-09-05 10:00:00+05:30,9008.325,9015.0,9007.1,9010.45
2023-09-05 10:15:00+05:30,9009.85,9010.1,8992.05,9002.962500000001
2023-09-05 10:30:00+05:30,9004.85,9008.0,9000.0,9004.0
2023-09-05 10:45:00+05:30,9004.0,9010.0,9005.0,9007.3375
2023-09-05 11:00:00+05:30,9007.175,9012.15,9003.75,9007.1125
2023-09-05 11:15:00+05:30,9006.275000000001,9010.15,9003.25,9007.4
2023-09-05 11:30:00+05:30,9008.1,9012.2,9006.5,9008.8
2023-09-05 11:45:00+05:30,9008.25,9016.95,9006.5,9011.7
2023-09-05 12:00:00+05:30,9011.675,9016.85,9010.0,9014.175
2023-09-05 12:15:00+05:30,9014.925,9018.0,9010.05,9014.7625
2023-09-05 12:30:00+05:30,9015.5,9018.0,8997.05,9009.8125
2023-09-05 12:45:00+05:30,9012.1,9006.5,8997.0,9003.675
2023-09-05 13:00:00+05:30,9005.6,9008.35,9001.0,9005.025
2023-09-05 13:15:00+05:30,9005.375,9012.05,9005.75,9008.1375
2023-09-05 13:30:00+05:30,9007.375,9011.9,9001.5,9007.1125
2023-09-05 13:45:00+05:30,9007.525,9036.75,9006.05,9021.4
2023-09-05 14:00:00+05:30,9021.4,9046.05,9035.55,9038.8375
2023-09-05 14:15:00+05:30,9036.875,9041.95,9031.8,9036.925
2023-09-05 14:30:00+05:30,9036.975,9040.95,9036.95,9037.95
2023-09-05 14:45:00+05:30,9036.95,9044.0,9033.05,9039.5
2023-09-05 15:00:00+05:30,9040.475,9058.5,9044.0,9051.25
2023-09-05 15:15:00+05:30,9051.25,9064.9,9050.05,9058.3625
2023-09-06 09:15:00+05:30,9059.25,9073.85,9047.45,9055.85
2023-09-06 09:30:00+05:30,9051.05,9068.85,9045.65,9057.8125
2023-09-06 09:45:00+05:30,9058.375,9067.4,9056.65,9062.5375
2023-09-06 10:00:00+05:30,9063.05,9065.5,9056.3,9060.787499999999
2023-09-06 10:15:00+05:30,9060.675,9067.45,9057.95,9062.85
2023-09-06 10:30:00+05:30,9063.0,9071.35,9061.8,9066.637499999999
2023-09-06 10:45:00+05:30,9066.7,9069.3,9064.2,9067.55
2023-09-06 11:00:00+05:30,9068.349999999999,9069.3,9065.2,9067.25
2023-09-06 11:15:00+05:30,9067.25,9065.2,9058.35,9061.775
2023-09-06 11:30:00+05:30,9061.775000000001,9058.35,9028.0,9044.175
2023-09-06 11:45:00+05:30,9045.175,9044.0,9032.0,9035.9125
2023-09-06 12:00:00+05:30,9033.825,9064.15,9035.65,9049.9
2023-09-06 12:15:00+05:30,9049.9,9064.15,9040.75,9054.2625
2023-09-06 12:30:00+05:30,9056.075,9054.2,9030.0,9041.25
2023-09-06 12:45:00+05:30,9040.4,9042.25,9030.3,9035.675
2023-09-06 13:00:00+05:30,9035.075,9048.35,9037.35,9041.7625
2023-09-06 13:15:00+05:30,9040.675,9053.7,9037.7,9045.175
2023-09-06 13:30:00+05:30,9044.65,9052.0,9037.0,9045.8375
2023-09-06 13:45:00+05:30,9047.175,9050.25,9042.2,9045.95
2023-09-06 14:00:00+05:30,9045.675,9050.0,9042.3,9046.15
2023-09-06 14:15:00+05:30,9046.15,9069.25,9050.0,9058.5625
2023-09-06 14:30:00+05:30,9057.5,9073.0,9063.95,9067.0125
2023-09-06 14:45:00+05:30,9065.55,9069.25,9064.5,9067.275
2023-09-06 15:00:00+05:30,9067.675,9078.85,9067.85,9072.537499999999
2023-09-06 15:15:00+05:30,9071.725,9074.7,9067.0,9071.975
2023-09-07 09:15:00+05:30,9073.1,9076.2,9056.75,9066.962500000001
2023-09-07 09:30:00+05:30,9067.45,9071.0,9064.5,9069.3625
2023-09-07 09:45:00+05:30,9070.975,9076.9,9070.1,9072.025
2023-09-07 10:00:00+05:30,9070.55,9070.1,9065.25,9067.8125
2023-09-07 10:15:00+05:30,9067.95,9072.9,9065.8,9068.125
2023-09-07 10:30:00+05:30,9066.9,9070.1,9065.75,9068.4875
2023-09-07 10:45:00+05:30,9069.05,9076.0,9070.1,9073.0
2023-09-07 11:00:00+05:30,9072.95,9075.85,9071.25,9073.8125
2023-09-07 11:15:00+05:30,9074.075,9074.0,9063.0,9069.3375
2023-09-07 11:30:00+05:30,9070.175,9070.05,9044.35,9059.1
2023-09-07 11:45:00+05:30,9061.0,9062.85,9052.6,9057.3375
2023-09-07 12:00:00+05:30,9056.95,9063.35,9055.15,9060.400000000001
2023-09-07 12:15:00+05:30,9061.55,9063.2,9053.3,9058.5625
2023-09-07 12:30:00+05:30,9058.875,9061.55,9053.8,9057.699999999999
2023-09-07 12:45:00+05:30,9057.724999999999,9069.0,9059.1,9062.025
2023-09-07 13:00:00+05:30,9060.0,9060.5,9057.6,9059.1875
2023-09-07 13:15:00+05:30,9059.325,9065.0,9059.05,9061.6375
2023-09-07 13:30:00+05:30,9061.25,9062.95,9060.8,9062.3
2023-09-07 13:45:00+05:30,9062.725,9062.5,9060.0,9061.4375
2023-09-07 14:00:00+05:30,9061.625,9068.0,9060.75,9064.3125
2023-09-07 14:15:00+05:30,9064.25,9070.35,9063.4,9067.45
2023-09-07 14:30:00+05:30,9068.025,9085.0,9068.3,9075.349999999999
2023-09-07 14:45:00+05:30,9074.05,9081.8,9074.05,9078.9375
2023-09-07 15:00:00+05:30,9079.95,9082.8,9075.75,9079.8875
2023-09-07 15:15:00+05:30,9080.5,9095.0,9070.85,9081.3375
2023-09-08 09:15:00+05:30,9079.75,9112.1,9086.85,9097.45
2023-09-08 09:30:00+05:30,9095.425,9111.55,9089.1,9100.1625
2023-09-08 09:45:00+05:30,9100.0,9097.95,9088.8,9093.1875
2023-09-08 10:00:00+05:30,9093.0,9099.0,9089.0,9092.5625
2023-09-08 10:15:00+05:30,9091.125,9094.0,9082.0,9089.425
2023-09-08 10:30:00+05:30,9090.85,9089.45,9069.9,9081.7
2023-09-08 10:45:00+05:30,9083.725,9085.3,9078.0,9081.575
2023-09-08 11:00:00+05:30,9081.5,9090.0,9083.9,9087.175
2023-09-08 11:15:00+05:30,9087.4,9093.85,9086.0,9090.875
2023-09-08 11:30:00+05:30,9091.825,9108.35,9092.0,9100.2875
2023-09-08 11:45:00+05:30,9100.400000000001,9107.1,9097.2,9102.962500000001
2023-09-08 12:00:00+05:30,9103.775000000001,9108.0,9095.7,9103.075
2023-09-08 12:15:00+05:30,9104.3,9108.0,9103.8,9106.125
2023-09-08 12:30:00+05:30,9106.35,9115.85,9102.25,9109.462500000001
2023-09-08 12:45:00+05:30,9109.875,9115.05,9096.85,9108.037499999999
2023-09-08 13:00:00+05:30,9110.125,9113.35,9104.1,9107.4125
2023-09-08 13:15:00+05:30,9106.1,9108.55,9102.0,9106.525
2023-09-08 13:30:00+05:30,9107.775,9120.0,9108.55,9113.025
2023-09-08 13:45:00+05:30,9111.775,9121.75,9115.0,9117.2375
2023-09-08 14:00:00+05:30,9116.1,9155.25,9115.0,9131.6625
2023-09-08 14:15:00+05:30,9128.2,9150.0,9135.75,9142.6625
2023-09-08 14:30:00+05:30,9142.45,9147.8,9119.8,9134.6625
2023-09-08 14:45:00+05:30,9135.525000000001,9130.0,9120.9,9126.55
2023-09-08 15:00:00+05:30,9127.650000000001,9135.0,9127.0,9131.025
2023-09-08 15:15:00+05:30,9131.05,9146.35,9132.0,9137.6375
2023-09-11 09:15:00+05:30,9136.099999999999,9183.15,9148.25,9161.7875
2023-09-11 09:30:00+05:30,9157.875,9179.05,9163.8,9170.7125
2023-09-11 09:45:00+05:30,9170.0,9185.4,9165.8,9176.6125
2023-09-11 10:00:00+05:30,9177.625,9184.45,9176.0,9179.8
2023-09-11 10:15:00+05:30,9179.375,9184.1,9176.0,9180.025
2023-09-11 10:30:00+05:30,9180.0,9191.45,9180.0,9186.125
2023-09-11 10:45:00+05:30,9186.525,9192.0,9183.0,9188.0125
2023-09-11 11:00:00+05:30,9188.525,9190.25,9182.3,9186.3875
2023-09-11 11:15:00+05:30,9186.5,9194.6,9185.0,9188.65
2023-09-11 11:30:00+05:30,9187.5,9192.4,9188.0,9190.4375
2023-09-11 11:45:00+05:30,9190.675,9197.6,9188.0,9191.2375
2023-09-11 12:00:00+05:30,9189.675,9190.9,9186.85,9188.9375
2023-09-11 12:15:00+05:30,9189.0,9193.9,9188.0,9191.45
2023-09-11 12:30:00+05:30,9191.95,9193.9,9187.55,9190.775
2023-09-11 12:45:00+05:30,9190.825,9188.0,9173.0,9182.5875
2023-09-11 13:00:00+05:30,9184.675,9188.0,9180.3,9183.3625
2023-09-11 13:15:00+05:30,9182.575,9187.5,9179.7,9183.225
2023-09-11 13:30:00+05:30,9182.849999999999,9191.85,9177.55,9182.3875
2023-09-11 13:45:00+05:30,9180.075,9186.3,9178.0,9182.05
2023-09-11 14:00:00+05:30,9181.95,9188.0,9179.75,9184.55
2023-09-11 14:15:00+05:30,9185.224999999999,9187.65,9183.95,9185.125
2023-09-11 14:30:00+05:30,9184.45,9189.75,9182.7,9185.825
2023-09-11 14:45:00+05:30,9185.425,9196.15,9184.6,9189.8125
2023-09-11 15:00:00+05:30,9189.25,9195.6,9188.95,9193.025
2023-09-11 15:15:00+05:30,9193.775,9212.0,9192.5,9203.0125
2023-09-12 09:15:00+05:30,9203.775,9237.0,9184.75,9209.725
2023-09-12 09:30:00+05:30,9208.575,9189.35,9024.55,9123.475
2023-09-12 09:45:00+05:30,9140.0,9091.0,8966.05,9048.25
2023-09-12 10:00:00+05:30,9067.975,9079.95,9020.0,9041.2375
2023-09-12 10:15:00+05:30,9032.5,9038.15,9003.05,9020.2
2023-09-12 10:30:00+05:30,9019.8,9036.25,8995.9,9021.175
2023-09-12 10:45:00+05:30,9026.275000000001,9068.0,9032.95,9049.150000000001
2023-09-12 11:00:00+05:30,9047.825,9070.0,9028.0,9055.375
2023-09-12 11:15:00+05:30,9061.75,9064.95,9041.75,9054.475
2023-09-12 11:30:00+05:30,9055.599999999999,9058.3,9030.0,9045.65
2023-09-12 11:45:00+05:30,9047.15,9049.95,9020.1,9036.4875
2023-09-12 12:00:00+05:30,9037.95,9032.0,8975.75,9008.9375
2023-09-12 12:15:00+05:30,9014.0,8998.8,8962.0,8980.6
2023-09-12 12:30:00+05:30,8980.8,8979.15,8952.7,8963.3625
2023-09-12 12:45:00+05:30,8960.8,8975.0,8945.05,8958.5
2023-09-12 13:00:00+05:30,8956.975,8985.75,8931.7,8958.8625
2023-09-12 13:15:00+05:30,8959.0,8999.0,8962.45,8975.875
2023-09-12 13:30:00+05:30,8971.025,8990.0,8963.45,8979.625
2023-09-12 13:45:00+05:30,8982.525,8997.0,8977.0,8984.5
2023-09-12 14:00:00+05:30,8982.0,8986.25,8962.35,8976.412499999999
2023-09-12 14:15:00+05:30,8978.525,8985.95,8966.0,8975.425
2023-09-12 14:30:00+05:30,8974.875,8998.15,8968.0,8979.9375
2023-09-12 14:45:00+05:30,8976.8,8986.25,8955.3,8975.925
2023-09-12 15:00:00+05:30,8981.075,8980.0,8955.1,8968.775
2023-09-12 15:15:00+05:30,8970.0,8966.85,8930.15,8950.1
2023-09-13 09:15:00+05:30,8951.7,9023.0,8874.55,8962.537499999999
2023-09-13 09:30:00+05:30,8976.3,9018.95,8885.75,8957.8125
2023-09-13 09:45:00+05:30,8963.275,8966.05,8910.0,8927.0125
2023-09-13 10:00:00+05:30,8916.0,8943.6,8915.9,8923.45
2023-09-13 10:15:00+05:30,8917.15,8938.2,8877.15,8913.65
2023-09-13 10:30:00+05:30,8919.625,8930.0,8901.75,8918.5875
2023-09-13 10:45:00+05:30,8921.3,8935.0,8908.0,8919.75
2023-09-13 11:00:00+05:30,8918.0,8945.0,8914.0,8929.5375
2023-09-13 11:15:00+05:30,8929.575,8972.0,8929.85,8949.6
2023-09-13 11:30:00+05:30,8948.275,8962.05,8943.9,8954.0
2023-09-13 11:45:00+05:30,8955.025,8961.75,8941.9,8950.550000000001
2023-09-13 12:00:00+05:30,8949.275,8970.0,8941.9,8954.95
2023-09-13 12:15:00+05:30,8953.95,8988.3,8959.85,8975.2875
2023-09-13 12:30:00+05:30,8976.5,8989.35,8961.2,8979.4625
2023-09-13 12:45:00+05:30,8983.65,8985.0,8966.75,8976.1375
2023-09-13 13:00:00+05:30,8976.4,9006.25,8972.5,8987.8125
2023-09-13 13:15:00+05:30,8986.25,9000.55,8956.2,8978.5625
2023-09-13 13:30:00+05:30,8978.75,8985.7,8956.75,8971.3875
2023-09-13 13:45:00+05:30,8971.55,9002.3,8983.75,8990.8125
2023-09-13 14:00:00+05:30,8988.6,9002.85,8986.4,8996.075
2023-09-13 14:15:00+05:30,8997.525000000001,9045.4,8998.35,9022.974999999999
2023-09-13 14:30:00+05:30,9024.075,9060.35,9021.7,9038.337500000001
2023-09-13 14:45:00+05:30,9035.65,9030.0,9005.75,9020.4375
2023-09-13 15:00:00+05:30,9023.0,9035.0,9020.0,9026.5
2023-09-13 15:15:00+05:30,9025.5,9042.05,9026.75,9035.4625
2023-09-14 09:15:00+05:30,9036.525,9126.75,9042.05,9080.525
2023-09-14 09:30:00+05:30,9076.65,9122.0,9103.9,9112.2375
2023-09-14 09:45:00+05:30,9111.525,9114.0,9094.05,9104.849999999999
2023-09-14 10:00:00+05:30,9105.675,9100.05,9063.35,9084.724999999999
2023-09-14 10:15:00+05:30,9087.75,9088.0,9055.0,9076.5875
2023-09-14 10:30:00+05:30,9081.675,9092.0,9067.0,9082.087500000001
2023-09-14 10:45:00+05:30,9084.675,9085.95,9073.95,9081.6875
2023-09-14 11:00:00+05:30,9083.425,9099.95,9084.0,9091.3125
2023-09-14 11:15:00+05:30,9090.65,9098.0,9089.2,9094.325
2023-09-14 11:30:00+05:30,9095.05,9096.15,9080.1,9089.3125
2023-09-14 11:45:00+05:30,9090.5,9093.95,9075.1,9086.5
2023-09-14 12:00:00+05:30,9088.475,9101.6,9089.8,9095.8125
2023-09-14 12:15:00+05:30,9095.925,9110.0,9071.85,9090.3875
2023-09-14 12:30:00+05:30,9089.85,9087.4,9065.05,9079.662499999999
2023-09-14 12:45:00+05:30,9083.1,9090.0,9077.9,9084.825
2023-09-14 13:00:00+05:30,9085.7,9092.35,9083.55,9088.1875
2023-09-14 13:15:00+05:30,9088.425,9096.0,9088.2,9091.462500000001
2023-09-14 13:30:00+05:30,9090.825,9104.2,9086.0,9092.725
2023-09-14 13:45:00+05:30,9090.35,9099.6,9082.05,9090.449999999999
2023-09-14 14:00:00+05:30,9090.075,9094.35,9083.0,9090.1375
2023-09-14 14:15:00+05:30,9091.599999999999,9114.05,9093.05,9102.099999999999
2023-09-14 14:30:00+05:30,9100.65,9120.0,9108.25,9112.8625
2023-09-14 14:45:00+05:30,9111.6,9128.2,9110.1,9120.212500000001
2023-09-14 15:00:00+05:30,9121.275000000001,9135.75,9123.05,9130.4875
2023-09-14 15:15:00+05:30,9131.575,9143.0,9131.7,9136.6625
2023-09-15 09:15:00+05:30,9135.975,9170.0,9136.85,9153.275000000001
2023-09-15 09:30:00+05:30,9153.125,9146.2,9125.65,9137.525000000001
2023-09-15 09:45:00+05:30,9139.125,9145.45,9130.0,9137.0125
2023-09-15 10:00:00+05:30,9136.3,9146.25,9136.65,9140.8875
2023-09-15 10:15:00+05:30,9140.325,9146.85,9140.6,9143.012499999999
2023-09-15 10:30:00+05:30,9142.3,9151.6,9139.0,9145.3
2023-09-15 10:45:00+05:30,9145.3,9158.0,9146.3,9153.075
2023-09-15 11:00:00+05:30,9154.0,9160.0,9152.9,9156.775000000001
2023-09-15 11:15:00+05:30,9157.1,9157.2,9150.0,9155.150000000001
2023-09-15 11:30:00+05:30,9156.7,9157.2,9146.0,9153.55
2023-09-15 11:45:00+05:30,9155.5,9158.0,9152.35,9155.087500000001
2023-09-15 12:00:00+05:30,9155.0,9158.0,9147.5,9153.5
2023-09-15 12:15:00+05:30,9154.25,9152.3,9135.55,9145.349999999999
2023-09-15 12:30:00+05:30,9146.775,9141.25,9115.35,9131.4875
2023-09-15 12:45:00+05:30,9134.675,9132.4,9122.0,9126.5625
2023-09-15 13:00:00+05:30,9125.925,9140.15,9122.5,9131.6375
2023-09-15 13:15:00+05:30,9131.95,9146.95,9136.5,9141.4625
2023-09-15 13:30:00+05:30,9141.2,9145.85,9131.1,9138.05
2023-09-15 13:45:00+05:30,9137.625,9138.9,9132.45,9135.5125
2023-09-15 14:00:00+05:30,9135.35,9145.0,9133.0,9138.55
2023-09-15 14:15:00+05:30,9138.1,9140.5,9134.2,9136.85
2023-09-15 14:30:00+05:30,9136.35,9168.05,9134.2,9150.1125
2023-09-15 14:45:00+05:30,9149.1,9174.75,9164.0,9168.9375
2023-09-15 15:00:00+05:30,9168.5,9188.45,9173.0,9177.6125
2023-09-15 15:15:00+05:30,9174.5,9178.85,9169.9,9175.1875
