,DateTime,Open,High,Low,Close,Volume,6
2023-07-11 11:30:00+05:30,8309.95,8309.95,8309.95,8309.95,0,0
2023-07-11 11:45:00+05:30,8309.95,8420.05,8309.95,8420.05,75,75
2023-07-11 12:00:00+05:30,8420.05,8420.05,8420.05,8420.05,0,75
2023-07-11 12:15:00+05:30,8420.05,8420.05,8420.05,8420.05,0,75
2023-07-11 12:30:00+05:30,8420.05,8420.05,8420.05,8420.05,0,75
2023-07-11 12:45:00+05:30,8420.05,8420.05,8420.05,8420.05,0,75
2023-07-11 13:00:00+05:30,8420.05,8420.05,8420.05,8420.05,0,75
2023-07-11 13:15:00+05:30,8420.05,8420.05,8420.05,8420.05,0,75
2023-07-11 13:30:00+05:30,8420.05,8420.05,8420.05,8420.05,0,75
2023-07-11 13:45:00+05:30,8420.05,8420.05,8420.05,8420.05,0,75
2023-07-11 14:00:00+05:30,8420.05,8420.05,8420.05,8420.05,0,75
2023-07-11 14:15:00+05:30,8420.05,8420.05,8420.05,8420.05,0,75
2023-07-11 14:30:00+05:30,8420.05,8420.05,8420.05,8420.05,0,75
2023-07-11 14:45:00+05:30,8420.05,8420.05,8420.05,8420.05,0,75
2023-07-11 15:00:00+05:30,8420.05,8420.05,8420.05,8420.05,0,75
2023-07-11 15:15:00+05:30,8420.05,8420.05,8420.05,8420.05,0,75
2023-07-12 09:15:00+05:30,8299.95,8420.05,8299.95,8420.05,75,0
2023-07-12 09:30:00+05:30,8420.05,8470.0,8200.0,8465.0,450,75
2023-07-12 09:45:00+05:30,8465.0,8465.0,8465.0,8465.0,0,75
2023-07-12 10:00:00+05:30,8465.0,8465.0,8465.0,8465.0,0,75
2023-07-12 10:15:00+05:30,8465.0,8465.0,8465.0,8465.0,0,75
2023-07-12 10:30:00+05:30,8465.0,8465.0,8465.0,8465.0,0,75
2023-07-12 10:45:00+05:30,8465.0,8465.0,8465.0,8465.0,0,75
2023-07-12 11:00:00+05:30,8465.0,8465.0,8465.0,8465.0,0,75
2023-07-12 11:15:00+05:30,8465.0,8465.0,8465.0,8465.0,0,75
2023-07-12 11:30:00+05:30,8465.0,8465.0,8465.0,8465.0,0,75
2023-07-12 11:45:00+05:30,8465.0,8465.0,8465.0,8465.0,0,75
2023-07-12 12:00:00+05:30,8465.0,8465.0,8465.0,8465.0,0,75
2023-07-12 12:15:00+05:30,8465.0,8465.0,8465.0,8465.0,0,75
2023-07-12 12:30:00+05:30,8465.0,8465.0,8465.0,8465.0,0,75
2023-07-12 12:45:00+05:30,8465.0,8465.0,8465.0,8465.0,0,75
2023-07-12 13:00:00+05:30,8465.0,8465.0,8465.0,8465.0,0,75
2023-07-12 13:15:00+05:30,8465.0,8465.0,8465.0,8465.0,0,75
2023-07-12 13:30:00+05:30,8465.0,8465.0,8309.95,8309.95,300,75
2023-07-12 13:45:00+05:30,8309.95,8309.95,8309.95,8309.95,0,75
2023-07-12 14:00:00+05:30,8309.95,8309.95,8309.95,8309.95,0,75
2023-07-12 14:15:00+05:30,8309.95,8309.95,8309.95,8309.95,0,75
2023-07-12 14:30:00+05:30,8309.95,8309.95,8309.95,8309.95,0,75
2023-07-12 14:45:00+05:30,8309.95,8309.95,8309.95,8309.95,0,75
2023-07-12 15:00:00+05:30,8309.95,8309.95,8309.95,8309.95,0,75
2023-07-12 15:15:00+05:30,8309.95,8309.95,8309.95,8309.95,0,75
2023-07-13 09:15:00+05:30,8391.95,8391.95,8391.95,8391.95,0,0
2023-07-13 09:30:00+05:30,8391.95,8391.95,8391.95,8391.95,0,0
2023-07-13 09:45:00+05:30,8391.95,8391.95,8391.95,8391.95,0,0
2023-07-13 10:00:00+05:30,8391.95,8391.95,8391.95,8391.95,0,0
2023-07-13 10:15:00+05:30,8391.95,8391.95,8391.95,8391.95,0,0
2023-07-13 10:30:00+05:30,8391.95,8391.95,8391.95,8391.95,0,0
2023-07-13 10:45:00+05:30,8391.95,8391.95,8391.95,8391.95,0,0
2023-07-13 11:00:00+05:30,8391.95,8391.95,8391.95,8391.95,0,0
2023-07-13 11:15:00+05:30,8391.95,8391.95,8391.95,8391.95,0,0
2023-07-13 11:30:00+05:30,8391.95,8391.95,8391.95,8391.95,0,0
2023-07-13 11:45:00+05:30,8391.95,8391.95,8391.95,8391.95,0,0
2023-07-13 12:00:00+05:30,8391.95,8391.95,8391.95,8391.95,0,0
2023-07-13 12:15:00+05:30,8391.95,8391.95,8391.95,8391.95,0,0
2023-07-13 12:30:00+05:30,8391.95,8391.95,8391.95,8391.95,0,0
2023-07-13 12:45:00+05:30,8391.95,8391.95,8391.95,8391.95,0,0
2023-07-13 13:00:00+05:30,8391.95,8391.95,8391.95,8391.95,0,0
2023-07-13 13:15:00+05:30,8391.95,8391.95,8391.95,8391.95,0,0
2023-07-13 13:30:00+05:30,8391.95,8391.95,8391.95,8391.95,0,0
2023-07-13 13:45:00+05:30,8391.95,8391.95,8391.95,8391.95,0,0
2023-07-13 14:00:00+05:30,8391.95,8391.95,8391.95,8391.95,0,0
2023-07-13 14:15:00+05:30,8391.95,8391.95,8391.95,8391.95,0,0
2023-07-13 14:30:00+05:30,8391.95,8391.95,8391.95,8391.95,0,0
2023-07-13 14:45:00+05:30,8391.95,8391.95,8391.95,8391.95,0,0
2023-07-13 15:00:00+05:30,8391.95,8391.95,8391.95,8391.95,0,0
2023-07-13 15:15:00+05:30,8391.95,8545.0,8391.95,8545.0,0,75
2023-07-14 09:15:00+05:30,8350.05,8350.05,8350.0,8350.0,0,75
2023-07-14 09:30:00+05:30,8350.0,8350.0,8350.0,8350.0,0,75
2023-07-14 09:45:00+05:30,8350.0,8350.0,8350.0,8350.0,0,75
2023-07-14 10:00:00+05:30,8350.0,8350.0,8350.0,8350.0,0,75
2023-07-14 10:15:00+05:30,8350.0,8350.0,8350.0,8350.0,0,75
2023-07-14 10:30:00+05:30,8350.0,8350.0,8350.0,8350.0,0,75
2023-07-14 10:45:00+05:30,8350.0,8350.0,8350.0,8350.0,0,75
2023-07-14 11:00:00+05:30,8350.0,8350.0,8350.0,8350.0,0,75
2023-07-14 11:15:00+05:30,8350.0,8350.0,8350.0,8350.0,0,75
2023-07-14 11:30:00+05:30,8350.0,8350.0,8350.0,8350.0,0,75
2023-07-14 11:45:00+05:30,8350.0,8350.0,8350.0,8350.0,0,75
2023-07-14 12:00:00+05:30,8350.0,8350.0,8350.0,8350.0,0,75
2023-07-14 12:15:00+05:30,8350.0,8350.0,8350.0,8350.0,0,75
2023-07-14 12:30:00+05:30,8350.0,8350.0,8350.0,8350.0,0,75
2023-07-14 12:45:00+05:30,8350.0,8350.0,8350.0,8350.0,0,75
2023-07-14 13:00:00+05:30,8350.0,8350.0,8350.0,8350.0,0,75
2023-07-14 13:15:00+05:30,8350.0,8350.0,8350.0,8350.0,0,75
2023-07-14 13:30:00+05:30,8350.0,8350.0,8350.0,8350.0,0,75
2023-07-14 13:45:00+05:30,8350.0,8350.0,8350.0,8350.0,0,75
2023-07-14 14:00:00+05:30,8350.0,8350.0,8350.0,8350.0,0,75
2023-07-14 14:15:00+05:30,8350.0,8350.0,8350.0,8350.0,0,75
2023-07-14 14:30:00+05:30,8350.0,8350.0,8350.0,8350.0,0,75
2023-07-14 14:45:00+05:30,8350.0,8350.0,8350.0,8350.0,0,75
2023-07-14 15:00:00+05:30,8350.0,8350.0,8350.0,8350.0,0,75
2023-07-14 15:15:00+05:30,8350.0,8358.35,8350.0,8358.35,75,75
2023-07-17 14:30:00+05:30,8429.95,8440.0,8429.95,8440.0,450,0
2023-07-17 14:45:00+05:30,8440.0,8440.0,8440.0,8440.0,0,0
2023-07-17 15:00:00+05:30,8440.0,8440.0,8440.0,8440.0,0,0
2023-07-17 15:15:00+05:30,8440.0,8440.0,8440.0,8440.0,0,0
2023-07-19 10:00:00+05:30,8462.0,8462.0,8462.0,8462.0,0,450
2023-07-19 10:15:00+05:30,8462.0,8462.0,8462.0,8462.0,0,450
2023-07-19 10:30:00+05:30,8462.0,8462.0,8462.0,8462.0,0,450
2023-07-19 10:45:00+05:30,8462.0,8462.0,8462.0,8462.0,0,450
2023-07-19 11:00:00+05:30,8462.0,8462.0,8462.0,8462.0,0,450
2023-07-19 11:15:00+05:30,8462.0,8462.0,8462.0,8462.0,0,450
2023-07-19 11:30:00+05:30,8462.0,8462.0,8462.0,8462.0,0,450
2023-07-19 11:45:00+05:30,8462.0,8462.0,8462.0,8462.0,0,450
2023-07-19 12:00:00+05:30,8462.0,8462.0,8462.0,8462.0,0,450
2023-07-19 12:15:00+05:30,8462.0,8462.0,8462.0,8462.0,0,450
2023-07-19 12:30:00+05:30,8462.0,8462.0,8462.0,8462.0,0,450
2023-07-19 12:45:00+05:30,8462.0,8462.0,8462.0,8462.0,0,450
2023-07-19 13:00:00+05:30,8462.0,8462.0,8462.0,8462.0,0,450
2023-07-19 13:15:00+05:30,8462.0,8462.0,8462.0,8462.0,0,450
2023-07-19 13:30:00+05:30,8462.0,8462.0,8462.0,8462.0,0,450
2023-07-19 13:45:00+05:30,8462.0,8462.0,8462.0,8462.0,0,450
2023-07-19 14:00:00+05:30,8462.0,8462.0,8462.0,8462.0,0,450
2023-07-19 14:15:00+05:30,8462.0,8462.0,8462.0,8462.0,0,450
2023-07-19 14:30:00+05:30,8462.0,8462.0,8462.0,8462.0,0,450
2023-07-19 14:45:00+05:30,8462.0,8485.0,8462.0,8485.0,75,525
2023-07-19 15:00:00+05:30,8485.0,8485.0,8485.0,8485.0,0,525
2023-07-19 15:15:00+05:30,8485.0,8485.0,8471.05,8471.05,75,525
2023-07-20 10:30:00+05:30,8512.7,8512.7,8512.7,8512.7,0,450
2023-07-20 10:45:00+05:30,8512.7,8512.7,8512.7,8512.7,0,450
2023-07-20 11:00:00+05:30,8512.7,8512.7,8512.7,8512.7,0,450
2023-07-20 11:15:00+05:30,8512.7,8512.7,8512.7,8512.7,0,450
2023-07-20 11:30:00+05:30,8512.7,8512.7,8512.7,8512.7,0,450
2023-07-20 11:45:00+05:30,8512.7,8512.7,8512.7,8512.7,0,450
2023-07-20 12:00:00+05:30,8512.7,8512.7,8512.7,8512.7,0,450
2023-07-20 12:15:00+05:30,8512.7,8512.7,8512.7,8512.7,0,450
2023-07-20 12:30:00+05:30,8512.7,8512.7,8512.7,8512.7,0,450
2023-07-20 12:45:00+05:30,8512.7,8512.7,8512.7,8512.7,0,450
2023-07-20 13:00:00+05:30,8512.7,8512.7,8512.7,8512.7,0,450
2023-07-20 13:15:00+05:30,8512.7,8512.7,8512.7,8512.7,0,450
2023-07-20 13:30:00+05:30,8512.7,8512.7,8512.7,8512.7,0,450
2023-07-20 13:45:00+05:30,8512.7,8512.7,8512.7,8512.7,0,450
2023-07-20 14:00:00+05:30,8512.7,8512.7,8512.7,8512.7,0,450
2023-07-20 14:15:00+05:30,8512.7,8512.7,8512.7,8512.7,0,450
2023-07-20 14:30:00+05:30,8512.7,8512.7,8512.7,8512.7,0,450
2023-07-20 14:45:00+05:30,8512.7,8512.7,8512.7,8512.7,0,450
2023-07-20 15:00:00+05:30,8512.7,8512.7,8512.7,8512.7,0,450
2023-07-20 15:15:00+05:30,8512.7,8512.7,8458.9,8458.9,75,450
2023-07-21 12:45:00+05:30,8426.95,8426.95,8426.95,8426.95,0,450
2023-07-21 13:00:00+05:30,8426.95,8426.95,8426.95,8426.95,0,450
2023-07-21 13:15:00+05:30,8426.95,8426.95,8426.95,8426.95,0,450
2023-07-21 13:30:00+05:30,8426.95,8426.95,8426.95,8426.95,0,450
2023-07-21 13:45:00+05:30,8426.95,8426.95,8314.95,8314.95,75,450
2023-07-21 14:00:00+05:30,8314.95,8314.95,8314.95,8314.95,0,450
2023-07-21 14:15:00+05:30,8314.95,8314.95,8314.95,8314.95,0,450
2023-07-21 14:30:00+05:30,8314.95,8314.95,8314.95,8314.95,0,450
2023-07-21 14:45:00+05:30,8314.95,8314.95,8314.95,8314.95,0,450
2023-07-21 15:00:00+05:30,8314.95,8314.95,8314.95,8314.95,0,450
2023-07-21 15:15:00+05:30,8314.95,8436.95,8314.95,8436.95,75,525
2023-07-24 09:15:00+05:30,8450.05,8450.05,8404.95,8404.95,75,600
2023-07-24 09:30:00+05:30,8404.95,8404.95,8404.95,8404.95,0,600
2023-07-24 09:45:00+05:30,8404.95,8404.95,8404.95,8404.95,0,600
2023-07-24 10:00:00+05:30,8404.95,8404.95,8404.95,8404.95,0,600
2023-07-24 10:15:00+05:30,8404.95,8404.95,8404.95,8404.95,0,600
2023-07-24 10:30:00+05:30,8404.95,8404.95,8404.95,8404.95,0,600
2023-07-24 10:45:00+05:30,8404.95,8404.95,8404.95,8404.95,0,600
2023-07-24 11:00:00+05:30,8404.95,8404.95,8404.95,8404.95,0,600
2023-07-24 11:15:00+05:30,8404.95,8404.95,8404.95,8404.95,0,600
2023-07-24 11:30:00+05:30,8404.95,8404.95,8404.95,8404.95,0,600
2023-07-24 11:45:00+05:30,8404.95,8404.95,8404.95,8404.95,0,600
2023-07-24 12:00:00+05:30,8404.95,8404.95,8404.95,8404.95,0,600
2023-07-24 12:15:00+05:30,8404.95,8404.95,8404.95,8404.95,0,600
2023-07-24 12:30:00+05:30,8404.95,8404.95,8404.95,8404.95,0,600
2023-07-24 12:45:00+05:30,8404.95,8404.95,8404.95,8404.95,0,600
2023-07-24 13:00:00+05:30,8404.95,8404.95,8404.95,8404.95,0,600
2023-07-24 13:15:00+05:30,8404.95,8404.95,8404.95,8404.95,0,600
2023-07-24 13:30:00+05:30,8404.95,8404.95,8404.95,8404.95,0,600
2023-07-24 13:45:00+05:30,8404.95,8404.95,8404.95,8404.95,0,600
2023-07-24 14:00:00+05:30,8404.95,8404.95,8404.95,8404.95,0,600
2023-07-24 14:15:00+05:30,8404.95,8404.95,8404.95,8404.95,0,600
2023-07-24 14:30:00+05:30,8404.95,8404.95,8404.95,8404.95,0,600
2023-07-24 14:45:00+05:30,8404.95,8404.95,8404.95,8404.95,0,600
2023-07-24 15:00:00+05:30,8404.95,8404.95,8404.95,8404.95,0,600
2023-07-24 15:15:00+05:30,8404.95,8404.95,8404.95,8404.95,0,600
2023-07-25 09:30:00+05:30,8408.05,8408.05,8394.95,8408.05,225,525
2023-07-25 09:45:00+05:30,8408.05,8408.05,8408.05,8408.05,0,525
2023-07-25 10:00:00+05:30,8408.05,8408.05,8408.05,8408.05,0,525
2023-07-25 10:15:00+05:30,8408.05,8408.05,8408.05,8408.05,0,525
2023-07-25 10:30:00+05:30,8408.05,8408.05,8408.05,8408.05,0,525
2023-07-25 10:45:00+05:30,8408.05,8408.05,8408.05,8408.05,0,525
2023-07-25 11:00:00+05:30,8408.05,8408.05,8408.05,8408.05,0,525
2023-07-25 11:15:00+05:30,8408.05,8408.05,8408.05,8408.05,0,525
2023-07-25 11:30:00+05:30,8408.05,8408.05,8408.05,8408.05,0,525
2023-07-25 11:45:00+05:30,8408.05,8408.05,8408.05,8408.05,0,525
2023-07-25 12:00:00+05:30,8408.05,8408.05,8408.05,8408.05,0,525
2023-07-25 12:15:00+05:30,8408.05,8408.05,8408.05,8408.05,0,525
2023-07-25 12:30:00+05:30,8408.05,8408.05,8408.05,8408.05,0,525
2023-07-25 12:45:00+05:30,8408.05,8408.05,8408.05,8408.05,0,525
2023-07-25 13:00:00+05:30,8408.05,8408.05,8408.05,8408.05,0,525
2023-07-25 13:15:00+05:30,8408.05,8408.05,8408.05,8408.05,0,525
2023-07-25 13:30:00+05:30,8408.05,8408.05,8408.05,8408.05,0,525
2023-07-25 13:45:00+05:30,8408.05,8408.05,8408.05,8408.05,0,525
2023-07-25 14:00:00+05:30,8408.05,8408.05,8408.05,8408.05,0,525
2023-07-25 14:15:00+05:30,8408.05,8408.05,8408.05,8408.05,0,525
2023-07-25 14:30:00+05:30,8408.05,8408.05,8408.05,8408.05,0,525
2023-07-25 14:45:00+05:30,8408.05,8408.05,8408.05,8408.05,0,525
2023-07-25 15:00:00+05:30,8408.05,8408.05,8408.05,8408.05,0,525
2023-07-25 15:15:00+05:30,8408.05,8408.05,8408.05,8408.05,0,525
2023-07-26 09:30:00+05:30,8414.05,8414.05,8414.05,8414.05,0,525
2023-07-26 09:45:00+05:30,8414.05,8414.05,8399.95,8414.05,225,600
2023-07-26 10:00:00+05:30,8414.05,8414.05,8414.05,8414.05,0,600
2023-07-26 10:15:00+05:30,8414.05,8414.05,8414.05,8414.05,0,600
2023-07-26 10:30:00+05:30,8414.05,8415.0,8414.05,8415.0,75,525
2023-07-26 10:45:00+05:30,8415.0,8415.0,8415.0,8415.0,0,525
2023-07-26 11:00:00+05:30,8415.0,8415.0,8415.0,8415.0,0,525
2023-07-26 11:15:00+05:30,8415.0,8415.0,8415.0,8415.0,0,525
2023-07-26 11:30:00+05:30,8415.0,8415.0,8415.0,8415.0,0,525
2023-07-26 11:45:00+05:30,8415.0,8415.0,8415.0,8415.0,0,525
2023-07-26 12:00:00+05:30,8415.0,8415.0,8415.0,8415.0,0,525
2023-07-26 12:15:00+05:30,8415.0,8415.0,8415.0,8415.0,0,525
2023-07-26 12:30:00+05:30,8415.0,8415.0,8415.0,8415.0,0,525
2023-07-26 12:45:00+05:30,8415.0,8415.0,8415.0,8415.0,0,525
2023-07-26 13:00:00+05:30,8415.0,8415.0,8415.0,8415.0,0,525
2023-07-26 13:15:00+05:30,8415.0,8415.0,8415.0,8415.0,0,525
2023-07-26 13:30:00+05:30,8415.0,8415.0,8415.0,8415.0,0,525
2023-07-26 13:45:00+05:30,8415.0,8415.0,8415.0,8415.0,0,525
2023-07-26 14:00:00+05:30,8415.0,8415.0,8415.0,8415.0,0,525
2023-07-26 14:15:00+05:30,8415.0,8415.0,8415.0,8415.0,0,525
2023-07-26 14:30:00+05:30,8415.0,8415.0,8415.0,8415.0,0,525
2023-07-26 14:45:00+05:30,8415.0,8415.0,8415.0,8415.0,0,525
2023-07-26 15:00:00+05:30,8415.0,8415.0,8402.85,8402.85,75,525
2023-07-26 15:15:00+05:30,8402.85,8402.85,8402.85,8402.85,0,525
2023-07-27 10:00:00+05:30,8449.95,8449.95,8449.95,8449.95,0,525
2023-07-27 10:15:00+05:30,8449.95,8474.05,8449.95,8474.05,75,525
2023-07-27 10:30:00+05:30,8474.05,8474.05,8474.05,8474.05,0,525
2023-07-27 10:45:00+05:30,8474.05,8474.05,8474.05,8474.05,0,525
2023-07-27 11:00:00+05:30,8474.05,8474.05,8474.05,8474.05,0,525
2023-07-27 11:15:00+05:30,8474.05,8474.05,8474.05,8474.05,0,525
2023-07-27 11:30:00+05:30,8474.05,8474.05,8474.05,8474.05,0,525
2023-07-27 11:45:00+05:30,8474.05,8474.05,8474.05,8474.05,0,525
2023-07-27 12:00:00+05:30,8474.05,8474.05,8474.05,8474.05,0,525
2023-07-27 12:15:00+05:30,8474.05,8474.05,8474.05,8474.05,0,525
2023-07-27 12:30:00+05:30,8474.05,8474.05,8474.05,8474.05,0,525
2023-07-27 12:45:00+05:30,8474.05,8474.05,8474.05,8474.05,0,525
2023-07-27 13:00:00+05:30,8474.05,8474.05,8474.05,8474.05,0,525
2023-07-27 13:15:00+05:30,8474.05,8474.05,8474.05,8474.05,0,525
2023-07-27 13:30:00+05:30,8474.05,8474.05,8474.05,8474.05,0,525
2023-07-27 13:45:00+05:30,8474.05,8474.05,8474.05,8474.05,0,525
2023-07-27 14:00:00+05:30,8474.05,8474.05,8474.05,8474.05,0,525
2023-07-27 14:15:00+05:30,8474.05,8474.05,8474.05,8474.05,0,525
2023-07-27 14:30:00+05:30,8474.05,8474.05,8474.05,8474.05,0,525
2023-07-27 14:45:00+05:30,8474.05,8474.05,8474.05,8474.05,0,525
2023-07-27 15:00:00+05:30,8474.05,8474.05,8474.05,8474.05,0,525
2023-07-27 15:15:00+05:30,8474.05,8474.05,8474.05,8474.05,0,525
2023-07-28 09:45:00+05:30,8445.0,8445.0,8445.0,8445.0,0,525
2023-07-28 10:00:00+05:30,8445.0,8445.0,8445.0,8445.0,0,525
2023-07-28 10:15:00+05:30,8445.0,8445.0,8445.0,8445.0,0,525
2023-07-28 10:30:00+05:30,8445.0,8445.0,8445.0,8445.0,0,525
2023-07-28 10:45:00+05:30,8445.0,8445.0,8445.0,8445.0,0,525
2023-07-28 11:00:00+05:30,8445.0,8445.0,8445.0,8445.0,0,525
2023-07-28 11:15:00+05:30,8445.0,8445.0,8445.0,8445.0,0,525
2023-07-28 11:30:00+05:30,8445.0,8445.0,8445.0,8445.0,0,525
2023-07-28 11:45:00+05:30,8445.0,8445.0,8445.0,8445.0,0,525
2023-07-28 12:00:00+05:30,8445.0,8445.0,8445.0,8445.0,0,525
2023-07-28 12:15:00+05:30,8445.0,8445.0,8445.0,8445.0,0,525
2023-07-28 12:30:00+05:30,8445.0,8445.0,8445.0,8445.0,0,525
2023-07-28 12:45:00+05:30,8445.0,8445.0,8445.0,8445.0,0,525
2023-07-28 13:00:00+05:30,8445.0,8445.0,8445.0,8445.0,0,525
2023-07-28 13:15:00+05:30,8445.0,8445.0,8445.0,8445.0,0,525
2023-07-28 13:30:00+05:30,8445.0,8445.0,8445.0,8445.0,0,525
2023-07-28 13:45:00+05:30,8445.0,8445.0,8445.0,8445.0,0,525
2023-07-28 14:00:00+05:30,8445.0,8445.0,8445.0,8445.0,0,525
2023-07-28 14:15:00+05:30,8445.0,8445.0,8445.0,8445.0,0,525
2023-07-28 14:30:00+05:30,8445.0,8445.0,8445.0,8445.0,0,525
2023-07-28 14:45:00+05:30,8445.0,8445.0,8445.0,8445.0,0,525
2023-07-28 15:00:00+05:30,8445.0,8445.0,8445.0,8445.0,0,525
2023-07-28 15:15:00+05:30,8445.0,8471.55,8445.0,8471.55,75,525
2023-07-31 09:15:00+05:30,8459.7,8459.7,8459.7,8459.7,0,525
2023-07-31 09:30:00+05:30,8459.7,8459.7,8459.7,8459.7,0,525
2023-07-31 09:45:00+05:30,8459.7,8459.7,8459.7,8459.7,0,525
2023-07-31 10:00:00+05:30,8459.7,8459.7,8459.7,8459.7,0,525
2023-07-31 10:15:00+05:30,8459.7,8459.7,8459.7,8459.7,0,525
2023-07-31 10:30:00+05:30,8459.7,8459.7,8459.7,8459.7,0,525
2023-07-31 10:45:00+05:30,8459.7,8459.7,8459.7,8459.7,0,525
2023-07-31 11:00:00+05:30,8459.7,8459.7,8459.7,8459.7,0,525
2023-07-31 11:15:00+05:30,8459.7,8459.7,8459.7,8459.7,0,525
2023-07-31 11:30:00+05:30,8459.7,8459.7,8459.7,8459.7,0,525
2023-07-31 11:45:00+05:30,8459.7,8459.7,8459.7,8459.7,0,525
2023-07-31 12:00:00+05:30,8459.7,8459.7,8459.7,8459.7,0,525
2023-07-31 12:15:00+05:30,8459.7,8459.7,8459.7,8459.7,0,525
2023-07-31 12:30:00+05:30,8459.7,8459.7,8459.7,8459.7,0,525
2023-07-31 12:45:00+05:30,8459.7,8459.7,8459.7,8459.7,0,525
2023-07-31 13:00:00+05:30,8459.7,8459.7,8459.7,8459.7,0,525
2023-07-31 13:15:00+05:30,8459.7,8459.7,8459.7,8459.7,0,525
2023-07-31 13:30:00+05:30,8459.7,8459.7,8459.7,8459.7,0,525
2023-07-31 13:45:00+05:30,8459.7,8459.7,8459.7,8459.7,0,525
2023-07-31 14:00:00+05:30,8459.7,8459.7,8459.7,8459.7,0,525
2023-07-31 14:15:00+05:30,8459.7,8459.7,8459.7,8459.7,0,525
2023-07-31 14:30:00+05:30,8459.7,8459.7,8459.7,8459.7,0,525
2023-07-31 14:45:00+05:30,8459.7,8459.7,8459.7,8459.7,0,525
2023-07-31 15:00:00+05:30,8459.7,8459.7,8459.7,8459.7,0,525
2023-07-31 15:15:00+05:30,8459.7,8590.0,8459.7,8590.0,75,600
2023-08-01 10:30:00+05:30,8574.0,8574.0,8574.0,8574.0,0,525
2023-08-01 10:45:00+05:30,8574.0,8574.0,8574.0,8574.0,0,525
2023-08-01 11:00:00+05:30,8574.0,8574.0,8574.0,8574.0,0,525
2023-08-01 11:15:00+05:30,8574.0,8574.0,8574.0,8574.0,0,525
2023-08-01 11:30:00+05:30,8574.0,8589.95,8541.05,8541.05,150,600
2023-08-01 11:45:00+05:30,8541.05,8541.05,8541.05,8541.05,0,600
2023-08-01 12:00:00+05:30,8541.05,8541.05,8541.05,8541.05,0,600
2023-08-01 12:15:00+05:30,8541.05,8541.05,8541.05,8541.05,0,600
2023-08-01 12:30:00+05:30,8541.05,8541.05,8541.05,8541.05,0,600
2023-08-01 12:45:00+05:30,8541.05,8541.05,8541.0,8541.0,75,600
2023-08-01 13:00:00+05:30,8541.0,8541.0,8541.0,8541.0,0,600
2023-08-01 13:15:00+05:30,8541.0,8541.0,8541.0,8541.0,0,600
2023-08-01 13:30:00+05:30,8541.0,8541.0,8541.0,8541.0,0,600
2023-08-01 13:45:00+05:30,8541.0,8541.0,8541.0,8541.0,0,600
2023-08-01 14:00:00+05:30,8541.0,8541.0,8541.0,8541.0,0,600
2023-08-01 14:15:00+05:30,8541.0,8541.0,8541.0,8541.0,0,600
2023-08-01 14:30:00+05:30,8541.0,8541.0,8541.0,8541.0,0,600
2023-08-01 14:45:00+05:30,8541.0,8541.0,8541.0,8541.0,0,600
2023-08-01 15:00:00+05:30,8541.0,8541.0,8541.0,8541.0,0,600
2023-08-01 15:15:00+05:30,8541.0,8558.1,8541.0,8558.1,75,600
2023-08-03 11:30:00+05:30,8558.1,8558.1,8558.1,8558.1,0,525
2023-08-03 11:45:00+05:30,8558.1,8558.1,8558.1,8558.1,0,525
2023-08-03 12:00:00+05:30,8558.1,8558.1,8558.1,8558.1,0,525
2023-08-03 12:15:00+05:30,8558.1,8558.1,8558.1,8558.1,0,525
2023-08-03 12:30:00+05:30,8558.1,8558.1,8558.1,8558.1,0,525
2023-08-03 12:45:00+05:30,8558.1,8558.1,8558.1,8558.1,0,525
2023-08-03 13:00:00+05:30,8558.1,8558.1,8558.1,8558.1,0,525
2023-08-03 13:15:00+05:30,8558.1,8558.1,8558.1,8558.1,0,525
2023-08-03 13:30:00+05:30,8558.1,8558.1,8558.1,8558.1,0,525
2023-08-03 13:45:00+05:30,8558.1,8558.1,8558.1,8558.1,0,525
2023-08-03 14:00:00+05:30,8558.1,8558.1,8558.1,8558.1,0,525
2023-08-03 14:15:00+05:30,8558.1,8558.1,8558.1,8558.1,0,525
2023-08-03 14:30:00+05:30,8558.1,8558.1,8558.1,8558.1,0,525
2023-08-03 14:45:00+05:30,8558.1,8558.1,8558.1,8558.1,0,525
2023-08-03 15:00:00+05:30,8558.1,8558.1,8539.0,8539.0,150,525
2023-08-03 15:15:00+05:30,8539.0,8539.0,8539.0,8539.0,0,525
2023-08-04 12:00:00+05:30,8600.8,8600.8,8600.8,8600.8,0,525
2023-08-04 12:15:00+05:30,8600.8,8600.8,8600.8,8600.8,0,525
2023-08-04 12:30:00+05:30,8600.8,8600.8,8600.8,8600.8,0,525
2023-08-04 12:45:00+05:30,8600.8,8600.8,8600.8,8600.8,0,525
2023-08-04 13:00:00+05:30,8600.8,8600.8,8600.8,8600.8,0,525
2023-08-04 13:15:00+05:30,8600.8,8600.8,8600.8,8600.8,0,525
2023-08-04 13:30:00+05:30,8600.8,8600.8,8600.8,8600.8,0,525
2023-08-04 13:45:00+05:30,8600.8,8600.8,8600.8,8600.8,0,525
2023-08-04 14:00:00+05:30,8600.8,8600.8,8600.8,8600.8,0,525
2023-08-04 14:15:00+05:30,8600.8,8600.8,8600.8,8600.8,0,525
2023-08-04 14:30:00+05:30,8600.8,8600.8,8600.8,8600.8,0,525
2023-08-04 14:45:00+05:30,8600.8,8600.8,8600.8,8600.8,0,525
2023-08-04 15:00:00+05:30,8600.8,8600.8,8600.8,8600.8,0,525
2023-08-04 15:15:00+05:30,8600.8,8620.25,8600.8,8620.25,75,525
2023-08-07 09:30:00+05:30,8596.5,8596.5,8596.5,8596.5,0,525
2023-08-07 09:45:00+05:30,8596.5,8596.5,8596.5,8596.5,0,525
2023-08-07 10:00:00+05:30,8596.5,8596.5,8596.5,8596.5,0,525
2023-08-07 10:15:00+05:30,8596.5,8596.5,8596.5,8596.5,0,525
2023-08-07 10:30:00+05:30,8596.5,8596.5,8596.5,8596.5,0,525
2023-08-07 10:45:00+05:30,8596.5,8596.5,8596.5,8596.5,0,525
2023-08-07 11:00:00+05:30,8596.5,8596.5,8596.5,8596.5,0,525
2023-08-07 11:15:00+05:30,8596.5,8596.5,8596.5,8596.5,0,525
2023-08-07 11:30:00+05:30,8596.5,8596.5,8596.5,8596.5,0,525
2023-08-07 11:45:00+05:30,8596.5,8596.5,8596.5,8596.5,0,525
2023-08-07 12:00:00+05:30,8596.5,8596.5,8596.5,8596.5,0,525
2023-08-07 12:15:00+05:30,8596.5,8596.5,8596.5,8596.5,0,525
2023-08-07 12:30:00+05:30,8596.5,8596.5,8596.5,8596.5,0,525
2023-08-07 12:45:00+05:30,8596.5,8596.5,8596.5,8596.5,0,525
2023-08-07 13:00:00+05:30,8596.5,8596.5,8596.5,8596.5,0,525
2023-08-07 13:15:00+05:30,8596.5,8596.5,8596.5,8596.5,0,525
2023-08-07 13:30:00+05:30,8596.5,8596.5,8596.5,8596.5,0,525
2023-08-07 13:45:00+05:30,8596.5,8596.5,8596.5,8596.5,0,525
2023-08-07 14:00:00+05:30,8596.5,8596.5,8596.5,8596.5,0,525
2023-08-07 14:15:00+05:30,8596.5,8596.5,8596.5,8596.5,0,525
2023-08-07 14:30:00+05:30,8596.5,8596.5,8596.5,8596.5,0,525
2023-08-07 14:45:00+05:30,8596.5,8596.5,8596.5,8596.5,0,525
2023-08-07 15:00:00+05:30,8596.5,8596.5,8596.5,8596.5,0,525
2023-08-07 15:15:00+05:30,8596.5,8596.5,8596.5,8596.5,0,525
2023-08-08 10:45:00+05:30,8590.05,8590.05,8590.0,8590.0,75,525
2023-08-08 11:00:00+05:30,8590.0,8590.0,8590.0,8590.0,0,525
2023-08-08 11:15:00+05:30,8590.0,8590.0,8590.0,8590.0,0,525
2023-08-08 11:30:00+05:30,8590.0,8590.0,8590.0,8590.0,0,525
2023-08-08 11:45:00+05:30,8590.0,8590.0,8590.0,8590.0,0,525
2023-08-08 12:00:00+05:30,8590.0,8590.0,8590.0,8590.0,0,525
2023-08-08 12:15:00+05:30,8590.0,8590.0,8590.0,8590.0,0,525
2023-08-08 12:30:00+05:30,8590.0,8590.0,8590.0,8590.0,0,525
2023-08-08 12:45:00+05:30,8590.0,8590.0,8590.0,8590.0,0,525
2023-08-08 13:00:00+05:30,8590.0,8590.0,8590.0,8590.0,0,525
2023-08-08 13:15:00+05:30,8590.0,8590.0,8590.0,8590.0,0,525
2023-08-08 13:30:00+05:30,8590.0,8590.0,8590.0,8590.0,0,525
2023-08-08 13:45:00+05:30,8590.0,8590.0,8590.0,8590.0,0,525
2023-08-08 14:00:00+05:30,8590.0,8590.0,8590.0,8590.0,0,525
2023-08-08 14:15:00+05:30,8590.0,8590.0,8590.0,8590.0,0,525
2023-08-08 14:30:00+05:30,8590.0,8590.0,8590.0,8590.0,0,525
2023-08-08 14:45:00+05:30,8590.0,8590.0,8590.0,8590.0,0,525
2023-08-08 15:00:00+05:30,8590.0,8590.0,8590.0,8590.0,0,525
2023-08-08 15:15:00+05:30,8590.0,8590.0,8558.55,8558.55,75,600
2023-08-09 12:30:00+05:30,8582.7,8582.7,8582.7,8582.7,0,525
2023-08-09 12:45:00+05:30,8582.7,8582.7,8570.0,8570.0,150,525
2023-08-09 13:00:00+05:30,8570.0,8570.0,8570.0,8570.0,0,525
2023-08-09 13:15:00+05:30,8570.0,8570.0,8570.0,8570.0,0,525
2023-08-09 13:30:00+05:30,8570.0,8570.0,8570.0,8570.0,0,525
2023-08-09 13:45:00+05:30,8570.0,8689.95,8570.0,8689.95,75,525
2023-08-09 14:00:00+05:30,8689.95,8689.95,8574.35,8574.35,75,600
2023-08-09 14:15:00+05:30,8574.35,8574.35,8574.35,8574.35,0,600
2023-08-09 14:30:00+05:30,8574.35,8574.35,8574.35,8574.35,0,600
2023-08-09 14:45:00+05:30,8574.35,8574.35,8574.35,8574.35,0,600
2023-08-09 15:00:00+05:30,8574.35,8574.35,8574.35,8574.35,0,600
2023-08-09 15:15:00+05:30,8574.35,8601.45,8574.35,8601.45,75,525
2023-08-10 13:45:00+05:30,8607.95,8607.95,8607.95,8607.95,75,600
2023-08-10 14:00:00+05:30,8607.95,8607.95,8607.95,8607.95,0,600
2023-08-10 14:15:00+05:30,8607.95,8607.95,8607.95,8607.95,0,600
2023-08-10 14:30:00+05:30,8607.95,8607.95,8607.95,8607.95,0,600
2023-08-10 14:45:00+05:30,8607.95,8607.95,8607.95,8607.95,0,600
2023-08-10 15:00:00+05:30,8607.95,8607.95,8607.95,8607.95,0,600
2023-08-10 15:15:00+05:30,8607.95,8607.95,8607.95,8607.95,0,600
2023-08-14 14:00:00+05:30,8550.0,8550.0,8550.0,8550.0,0,600
2023-08-14 14:15:00+05:30,8550.0,8550.0,8550.0,8550.0,0,600
2023-08-14 14:30:00+05:30,8550.0,8550.0,8550.0,8550.0,0,600
2023-08-14 14:45:00+05:30,8550.0,8550.0,8550.0,8550.0,0,600
2023-08-14 15:00:00+05:30,8550.0,8550.0,8550.0,8550.0,0,600
2023-08-14 15:15:00+05:30,8550.0,8550.0,8550.0,8550.0,0,600
2023-08-16 09:15:00+05:30,8532.55,8532.55,8532.55,8532.55,0,525
2023-08-16 09:30:00+05:30,8532.55,8532.55,8532.55,8532.55,0,525
2023-08-16 09:45:00+05:30,8532.55,8532.55,8532.55,8532.55,0,525
2023-08-16 10:00:00+05:30,8532.55,8532.55,8532.55,8532.55,0,525
2023-08-16 10:15:00+05:30,8532.55,8532.55,8532.55,8532.55,0,525
2023-08-16 10:30:00+05:30,8532.55,8532.55,8532.55,8532.55,0,525
2023-08-16 10:45:00+05:30,8532.55,8532.55,8532.55,8532.55,0,525
2023-08-16 11:00:00+05:30,8532.55,8532.55,8532.55,8532.55,0,525
2023-08-16 11:15:00+05:30,8532.55,8532.55,8532.55,8532.55,0,525
2023-08-16 11:30:00+05:30,8532.55,8532.55,8532.55,8532.55,0,525
2023-08-16 11:45:00+05:30,8532.55,8532.55,8532.55,8532.55,0,525
2023-08-16 12:00:00+05:30,8532.55,8532.55,8532.55,8532.55,0,525
2023-08-16 12:15:00+05:30,8532.55,8532.55,8532.55,8532.55,0,525
2023-08-16 12:30:00+05:30,8532.55,8532.55,8532.55,8532.55,0,525
2023-08-16 12:45:00+05:30,8532.55,8532.55,8532.55,8532.55,0,525
2023-08-16 13:00:00+05:30,8532.55,8532.55,8532.55,8532.55,0,525
2023-08-16 13:15:00+05:30,8532.55,8532.55,8532.55,8532.55,0,525
2023-08-16 13:30:00+05:30,8532.55,8532.55,8532.55,8532.55,0,525
2023-08-16 13:45:00+05:30,8532.55,8532.55,8532.55,8532.55,0,525
2023-08-16 14:00:00+05:30,8532.55,8532.55,8532.55,8532.55,0,525
2023-08-16 14:15:00+05:30,8532.55,8532.55,8532.55,8532.55,0,525
2023-08-16 14:30:00+05:30,8532.55,8532.55,8532.55,8532.55,0,525
2023-08-16 14:45:00+05:30,8532.55,8568.75,8532.55,8568.75,75,600
2023-08-16 15:00:00+05:30,8568.75,8568.75,8568.75,8568.75,0,600
2023-08-16 15:15:00+05:30,8568.75,8568.75,8568.75,8568.75,0,600
2023-08-17 11:15:00+05:30,8600.0,8600.0,8600.0,8600.0,0,600
2023-08-17 11:30:00+05:30,8600.0,8600.0,8600.0,8600.0,0,600
2023-08-17 11:45:00+05:30,8600.0,8600.0,8600.0,8600.0,0,600
2023-08-17 12:00:00+05:30,8600.0,8617.45,8600.0,8617.45,75,600
2023-08-17 12:15:00+05:30,8617.45,8617.45,8617.45,8617.45,0,600
2023-08-17 12:30:00+05:30,8617.45,8617.45,8617.45,8617.45,0,600
2023-08-17 12:45:00+05:30,8617.45,8617.45,8617.45,8617.45,0,600
2023-08-17 13:00:00+05:30,8617.45,8617.45,8617.45,8617.45,0,600
2023-08-17 13:15:00+05:30,8617.45,8617.45,8617.45,8617.45,0,600
2023-08-17 13:30:00+05:30,8617.45,8617.45,8617.45,8617.45,0,600
2023-08-17 13:45:00+05:30,8617.45,8617.45,8617.45,8617.45,0,600
2023-08-17 14:00:00+05:30,8617.45,8617.45,8617.45,8617.45,0,600
2023-08-17 14:15:00+05:30,8617.45,8617.45,8617.45,8617.45,0,600
2023-08-17 14:30:00+05:30,8617.45,8617.45,8617.45,8617.45,0,600
2023-08-17 14:45:00+05:30,8617.45,8617.45,8617.45,8617.45,0,600
2023-08-17 15:00:00+05:30,8617.45,8617.45,8617.45,8617.45,0,600
2023-08-17 15:15:00+05:30,8617.45,8617.45,8617.45,8617.45,0,600
2023-08-18 09:45:00+05:30,8614.45,8614.45,8614.45,8614.45,0,600
2023-08-18 10:00:00+05:30,8614.45,8614.45,8577.1,8580.9,150,600
2023-08-18 10:15:00+05:30,8580.9,8580.9,8580.9,8580.9,0,600
2023-08-18 10:30:00+05:30,8580.9,8580.9,8566.2,8566.2,225,600
2023-08-18 10:45:00+05:30,8566.2,8566.2,8558.55,8558.55,150,675
2023-08-18 11:00:00+05:30,8558.55,8558.55,8558.55,8558.55,0,675
2023-08-18 11:15:00+05:30,8558.55,8558.55,8558.55,8558.55,0,675
2023-08-18 11:30:00+05:30,8558.55,8558.55,8558.55,8558.55,0,675
2023-08-18 11:45:00+05:30,8558.55,8558.55,8558.55,8558.55,0,675
2023-08-18 12:00:00+05:30,8558.55,8575.0,8558.55,8575.0,150,750
2023-08-18 12:15:00+05:30,8575.0,8575.0,8575.0,8575.0,0,750
2023-08-18 12:30:00+05:30,8575.0,8575.0,8575.0,8575.0,0,750
2023-08-18 12:45:00+05:30,8575.0,8575.0,8575.0,8575.0,0,750
2023-08-18 13:00:00+05:30,8575.0,8575.0,8575.0,8575.0,0,750
2023-08-18 13:15:00+05:30,8575.0,8575.0,8575.0,8575.0,0,750
2023-08-18 13:30:00+05:30,8575.0,8575.0,8575.0,8575.0,0,750
2023-08-18 13:45:00+05:30,8575.0,8575.0,8575.0,8575.0,0,750
2023-08-18 14:00:00+05:30,8575.0,8575.0,8575.0,8575.0,0,750
2023-08-18 14:15:00+05:30,8575.0,8584.0,8575.0,8584.0,75,675
2023-08-18 14:30:00+05:30,8584.0,8584.0,8584.0,8584.0,0,675
2023-08-18 14:45:00+05:30,8584.0,8584.0,8584.0,8584.0,0,675
2023-08-18 15:00:00+05:30,8584.0,8584.0,8584.0,8584.0,0,675
2023-08-18 15:15:00+05:30,8584.0,8584.0,8584.0,8584.0,0,675
2023-08-21 10:15:00+05:30,8688.35,8688.35,8688.35,8688.35,0,675
2023-08-21 10:30:00+05:30,8688.35,8688.35,8646.25,8646.25,75,750
2023-08-21 10:45:00+05:30,8646.25,8646.25,8646.25,8646.25,0,750
2023-08-21 11:00:00+05:30,8646.25,8646.25,8646.25,8646.25,0,750
2023-08-21 11:15:00+05:30,8646.25,8646.25,8646.25,8646.25,0,750
2023-08-21 11:30:00+05:30,8646.25,8646.25,8646.25,8646.25,0,750
2023-08-21 11:45:00+05:30,8646.25,8646.25,8646.25,8646.25,0,750
2023-08-21 12:00:00+05:30,8646.25,8646.25,8646.25,8646.25,0,750
2023-08-21 12:15:00+05:30,8646.25,8646.25,8646.25,8646.25,0,750
2023-08-21 12:30:00+05:30,8646.25,8646.25,8646.25,8646.25,0,750
2023-08-21 12:45:00+05:30,8646.25,8646.25,8646.25,8646.25,0,750
2023-08-21 13:00:00+05:30,8646.25,8646.25,8646.25,8646.25,0,750
2023-08-21 13:15:00+05:30,8646.25,8646.25,8646.25,8646.25,0,750
2023-08-21 13:30:00+05:30,8646.25,8646.25,8646.25,8646.25,0,750
2023-08-21 13:45:00+05:30,8646.25,8646.25,8646.25,8646.25,0,750
2023-08-21 14:00:00+05:30,8646.25,8646.25,8646.25,8646.25,0,750
2023-08-21 14:15:00+05:30,8646.25,8646.25,8646.25,8646.25,0,750
2023-08-21 14:30:00+05:30,8646.25,8646.25,8646.25,8646.25,0,750
2023-08-21 14:45:00+05:30,8646.25,8646.25,8646.25,8646.25,0,750
2023-08-21 15:00:00+05:30,8646.25,8646.25,8646.25,8646.25,0,750
2023-08-21 15:15:00+05:30,8646.25,8660.0,8611.85,8660.0,225,750
2023-08-22 10:45:00+05:30,8697.9,8697.9,8697.9,8697.9,0,825
2023-08-22 11:00:00+05:30,8697.9,8697.9,8697.9,8697.9,0,825
2023-08-22 11:15:00+05:30,8697.9,8697.9,8697.9,8697.9,0,825
2023-08-22 11:30:00+05:30,8697.9,8697.9,8697.9,8697.9,0,825
2023-08-22 11:45:00+05:30,8697.9,8697.9,8697.9,8697.9,0,825
2023-08-22 12:00:00+05:30,8697.9,8697.9,8697.9,8697.9,0,825
2023-08-22 12:15:00+05:30,8697.9,8697.9,8697.9,8697.9,0,825
2023-08-22 12:30:00+05:30,8697.9,8697.9,8690.0,8690.0,75,825
2023-08-22 12:45:00+05:30,8690.0,8690.0,8690.0,8690.0,0,825
2023-08-22 13:00:00+05:30,8690.0,8698.0,8690.0,8698.0,75,900
2023-08-22 13:15:00+05:30,8698.0,8698.0,8698.0,8698.0,0,900
2023-08-22 13:30:00+05:30,8698.0,8707.8,8698.0,8707.8,75,975
2023-08-22 13:45:00+05:30,8707.8,8707.8,8692.5,8701.4,150,1050
2023-08-22 14:00:00+05:30,8701.4,8701.4,8701.4,8701.4,75,1050
2023-08-22 14:15:00+05:30,8701.4,8701.4,8701.4,8701.4,0,1050
2023-08-22 14:30:00+05:30,8701.4,8701.4,8701.4,8701.4,0,1050
2023-08-22 14:45:00+05:30,8701.4,8701.4,8701.4,8701.4,0,1050
2023-08-22 15:00:00+05:30,8701.4,8711.15,8701.4,8711.15,75,1050
2023-08-22 15:15:00+05:30,8711.15,8711.15,8711.15,8711.15,0,1050
2023-08-23 09:15:00+05:30,8758.9,8758.9,8758.9,8758.9,0,1050
2023-08-23 09:30:00+05:30,8758.9,8764.95,8758.9,8764.95,150,1125
2023-08-23 09:45:00+05:30,8764.95,8797.85,8757.6,8763.35,375,1200
2023-08-23 10:00:00+05:30,8763.35,8763.35,8763.35,8763.35,0,1200
2023-08-23 10:15:00+05:30,8763.35,8763.35,8763.35,8763.35,0,1200
2023-08-23 10:30:00+05:30,8763.35,8780.0,8763.35,8780.0,75,1200
2023-08-23 10:45:00+05:30,8780.0,8780.0,8780.0,8780.0,0,1200
2023-08-23 11:00:00+05:30,8780.0,8780.25,8780.0,8780.25,75,1200
2023-08-23 11:15:00+05:30,8780.25,8790.0,8780.25,8788.6,150,1200
2023-08-23 11:30:00+05:30,8788.6,8788.6,8786.95,8786.95,75,1275
2023-08-23 11:45:00+05:30,8786.95,8786.95,8786.95,8786.95,0,1275
2023-08-23 12:00:00+05:30,8786.95,8786.95,8783.0,8783.0,75,1350
2023-08-23 12:15:00+05:30,8783.0,8783.0,8769.85,8769.85,75,1425
2023-08-23 12:30:00+05:30,8769.85,8769.85,8769.85,8769.85,0,1425
2023-08-23 12:45:00+05:30,8769.85,8769.85,8769.0,8769.0,75,1425
2023-08-23 13:00:00+05:30,8769.0,8769.0,8769.0,8769.0,0,1425
2023-08-23 13:15:00+05:30,8769.0,8789.95,8769.0,8789.95,75,1500
2023-08-23 13:30:00+05:30,8789.95,8789.95,8775.0,8775.0,75,1500
2023-08-23 13:45:00+05:30,8775.0,8785.0,8775.0,8785.0,75,1500
2023-08-23 14:00:00+05:30,8785.0,8785.0,8785.0,8785.0,0,1500
2023-08-23 14:15:00+05:30,8785.0,8785.0,8780.05,8780.05,150,1500
2023-08-23 14:30:00+05:30,8780.05,8780.05,8780.05,8780.05,0,1500
2023-08-23 14:45:00+05:30,8780.05,8800.0,8780.05,8800.0,150,1650
2023-08-23 15:00:00+05:30,8800.0,8800.0,8800.0,8800.0,0,1650
2023-08-23 15:15:00+05:30,8800.0,8800.0,8798.85,8798.85,75,1725
2023-08-24 09:15:00+05:30,8841.0,8841.0,8827.0,8827.0,75,1725
2023-08-24 09:30:00+05:30,8827.0,8827.0,8815.0,8824.95,900,2250
2023-08-24 09:45:00+05:30,8824.95,8830.0,8824.95,8830.0,525,2700
2023-08-24 10:00:00+05:30,8830.0,8830.0,8820.3,8820.3,150,2850
2023-08-24 10:15:00+05:30,8820.3,8839.95,8820.3,8839.95,150,2925
2023-08-24 10:30:00+05:30,8839.95,8839.95,8820.0,8820.0,75,2925
2023-08-24 10:45:00+05:30,8820.0,8849.95,8820.0,8830.5,525,3150
2023-08-24 11:00:00+05:30,8830.5,8830.5,8830.5,8830.5,0,3150
2023-08-24 11:15:00+05:30,8830.5,8834.95,8830.5,8834.95,75,3150
2023-08-24 11:30:00+05:30,8834.95,8834.95,8834.95,8834.95,0,3150
2023-08-24 11:45:00+05:30,8834.95,8849.0,8834.95,8849.0,75,3225
2023-08-24 12:00:00+05:30,8849.0,8849.0,8822.65,8822.65,150,3300
2023-08-24 12:15:00+05:30,8822.65,8822.65,8807.05,8807.05,75,3375
2023-08-24 12:30:00+05:30,8807.05,8807.05,8807.05,8807.05,0,3375
2023-08-24 12:45:00+05:30,8807.05,8825.0,8807.05,8825.0,75,3450
2023-08-24 13:00:00+05:30,8825.0,8830.15,8825.0,8830.15,150,3525
2023-08-24 13:15:00+05:30,8830.15,8830.15,8830.15,8830.15,0,3525
2023-08-24 13:30:00+05:30,8830.15,8830.15,8830.15,8830.15,0,3525
2023-08-24 13:45:00+05:30,8830.15,8830.15,8830.15,8830.15,0,3525
2023-08-24 14:00:00+05:30,8830.15,8830.15,8830.15,8830.15,0,3525
2023-08-24 14:15:00+05:30,8830.15,8830.15,8812.6,8812.6,225,3750
2023-08-24 14:30:00+05:30,8812.6,8812.6,8810.0,8810.0,225,3675
2023-08-24 14:45:00+05:30,8810.0,8811.0,8810.0,8810.0,150,3675
2023-08-24 15:00:00+05:30,8810.0,8810.0,8810.0,8810.0,0,3675
2023-08-24 15:15:00+05:30,8810.0,8814.95,8792.1,8814.95,675,4050
2023-08-25 09:15:00+05:30,8775.0,8824.85,8775.0,8824.85,825,4125
2023-08-25 09:30:00+05:30,8824.85,8824.85,8804.1,8804.1,225,4575
2023-08-25 09:45:00+05:30,8804.1,8804.1,8771.15,8771.95,150,4800
2023-08-25 10:00:00+05:30,8771.95,8771.95,8771.95,8771.95,0,4800
2023-08-25 10:15:00+05:30,8771.95,8777.1,8750.15,8750.15,450,5025
2023-08-25 10:30:00+05:30,8750.15,8752.25,8728.55,8728.55,375,4800
2023-08-25 10:45:00+05:30,8728.55,8728.55,8728.55,8728.55,375,4800
2023-08-25 11:00:00+05:30,8728.55,8758.6,8727.45,8758.6,600,5100
2023-08-25 11:15:00+05:30,8758.6,8758.6,8746.1,8746.1,300,4950
2023-08-25 11:30:00+05:30,8746.1,8755.0,8746.1,8751.2,1050,5100
2023-08-25 11:45:00+05:30,8751.2,8760.0,8751.2,8754.35,600,5550
2023-08-25 12:00:00+05:30,8754.35,8754.35,8754.35,8754.35,0,5550
2023-08-25 12:15:00+05:30,8754.35,8754.35,8733.75,8733.75,75,5775
2023-08-25 12:30:00+05:30,8733.75,8733.75,8733.75,8733.75,0,5775
2023-08-25 12:45:00+05:30,8733.75,8733.75,8733.75,8733.75,0,5775
2023-08-25 13:00:00+05:30,8733.75,8733.75,8733.75,8733.75,0,5775
2023-08-25 13:15:00+05:30,8733.75,8736.0,8733.75,8736.0,450,5775
2023-08-25 13:30:00+05:30,8736.0,8741.0,8736.0,8741.0,600,6300
2023-08-25 13:45:00+05:30,8741.0,8741.0,8740.0,8740.0,150,6525
2023-08-25 14:00:00+05:30,8740.0,8741.05,8735.0,8737.0,825,6900
2023-08-25 14:15:00+05:30,8737.0,8737.0,8737.0,8737.0,0,6900
2023-08-25 14:30:00+05:30,8737.0,8737.0,8728.0,8728.0,150,7350
2023-08-25 14:45:00+05:30,8728.0,8728.0,8728.0,8728.0,0,7350
2023-08-25 15:00:00+05:30,8728.0,8753.2,8726.25,8726.25,525,7425
2023-08-25 15:15:00+05:30,8726.25,8729.15,8714.0,8718.0,900,7725
2023-08-28 09:15:00+05:30,8769.95,8769.95,8752.85,8755.0,1650,8100
2023-08-28 09:30:00+05:30,8755.0,8755.0,8740.05,8745.35,1125,8550
2023-08-28 09:45:00+05:30,8745.35,8760.0,8743.8,8743.8,1575,9000
2023-08-28 10:00:00+05:30,8743.8,8749.0,8741.05,8745.0,2175,9825
2023-08-28 10:15:00+05:30,8745.0,8750.0,8745.0,8750.0,825,10125
2023-08-28 10:30:00+05:30,8750.0,8752.95,8744.0,8752.0,1350,11100
2023-08-28 10:45:00+05:30,8752.0,8755.45,8748.0,8748.0,1500,11925
2023-08-28 11:00:00+05:30,8748.0,8759.95,8747.5,8759.95,300,12600
2023-08-28 11:15:00+05:30,8759.95,8760.0,8759.95,8760.0,375,12525
2023-08-28 11:30:00+05:30,8760.0,8765.0,8760.0,8765.0,600,12375
2023-08-28 11:45:00+05:30,8765.0,8771.2,8754.35,8763.5,1575,13875
2023-08-28 12:00:00+05:30,8763.55,8772.85,8763.4,8772.85,2400,15375
2023-08-28 12:15:00+05:30,8772.85,8775.5,8771.95,8774.85,2100,18150
2023-08-28 12:30:00+05:30,8774.85,8782.0,8774.55,8778.6,2250,20175
2023-08-28 12:45:00+05:30,8778.6,8780.5,8770.0,8773.2,1950,21450
2023-08-28 13:00:00+05:30,8773.2,8776.95,8767.0,8775.2,2775,23025
2023-08-28 13:15:00+05:30,8775.5,8790.95,8775.2,8787.95,10350,24450
2023-08-28 13:30:00+05:30,8787.95,8790.85,8778.0,8789.6,1950,26400
2023-08-28 13:45:00+05:30,8789.6,8790.95,8785.05,8790.2,3825,28425
2023-08-28 14:00:00+05:30,8790.3,8795.55,8785.1,8790.05,1875,30300
2023-08-28 14:15:00+05:30,8790.05,8790.05,8779.95,8787.0,10050,36450
2023-08-28 14:30:00+05:30,8787.0,8790.05,8784.8,8788.5,6300,42450
2023-08-28 14:45:00+05:30,8788.5,8790.0,8782.0,8789.75,5325,46725
2023-08-28 15:00:00+05:30,8789.75,8796.35,8782.75,8795.85,20550,59925
2023-08-28 15:15:00+05:30,8795.85,8798.25,8780.0,8780.0,9825,70275
2023-08-29 09:15:00+05:30,8787.7,8809.95,8787.7,8799.5,5250,71700
2023-08-29 09:30:00+05:30,8799.5,8820.0,8792.55,8816.25,1200,71625
2023-08-29 09:45:00+05:30,8816.25,8827.85,8816.25,8827.85,1950,71925
2023-08-29 10:00:00+05:30,8827.85,8827.85,8810.0,8819.0,900,72525
2023-08-29 10:15:00+05:30,8819.0,8819.0,8809.8,8812.65,1575,73425
2023-08-29 10:30:00+05:30,8812.65,8824.65,8812.65,8822.45,1350,72975
2023-08-29 10:45:00+05:30,8822.45,8827.8,8815.05,8827.8,900,73200
2023-08-29 11:00:00+05:30,8827.8,8827.8,8821.65,8821.65,1275,73125
2023-08-29 11:15:00+05:30,8821.65,8835.05,8821.65,8833.0,4125,73200
2023-08-29 11:30:00+05:30,8833.0,8833.0,8821.85,8827.4,1050,73425
2023-08-29 11:45:00+05:30,8827.4,8828.0,8818.45,8825.0,1875,73350
2023-08-29 12:00:00+05:30,8825.0,8831.1,8825.0,8831.1,525,73875
2023-08-29 12:15:00+05:30,8831.1,8839.8,8831.1,8835.0,1200,73650
2023-08-29 12:30:00+05:30,8835.0,8838.0,8826.05,8834.2,1350,74175
2023-08-29 12:45:00+05:30,8834.2,8836.95,8832.05,8834.25,1200,75150
2023-08-29 13:00:00+05:30,8834.25,8838.0,8830.5,8833.65,1500,75825
2023-08-29 13:15:00+05:30,8833.65,8833.7,8821.7,8832.0,2025,77100
2023-08-29 13:30:00+05:30,8832.0,8833.1,8823.9,8828.6,1650,77400
2023-08-29 13:45:00+05:30,8828.6,8832.1,8823.1,8823.1,1500,78375
2023-08-29 14:00:00+05:30,8823.1,8830.5,8823.1,8824.85,975,78975
2023-08-29 14:15:00+05:30,8824.85,8824.85,8809.0,8811.7,4050,77850
2023-08-29 14:30:00+05:30,8811.7,8829.4,8811.7,8820.15,4425,76125
2023-08-29 14:45:00+05:30,8820.15,8822.75,8815.7,8820.05,1875,74625
2023-08-29 15:00:00+05:30,8820.05,8830.0,8817.75,8830.0,2400,73575
2023-08-29 15:15:00+05:30,8830.0,8839.2,8824.05,8838.8,3000,73125
2023-08-30 09:15:00+05:30,8850.1,8895.0,8850.1,8895.0,10050,74400
2023-08-30 09:30:00+05:30,8895.0,8899.95,8889.05,8889.05,3900,73800
2023-08-30 09:45:00+05:30,8889.05,8895.5,8886.6,8895.25,2775,74250
2023-08-30 10:00:00+05:30,8895.25,8895.25,8888.55,8890.35,750,74325
2023-08-30 10:15:00+05:30,8890.35,8890.35,8882.6,8885.0,750,74625
2023-08-30 10:30:00+05:30,8883.0,8888.2,8883.0,8883.0,1275,74325
2023-08-30 10:45:00+05:30,8883.0,8890.15,8883.0,8890.0,1725,74625
2023-08-30 11:00:00+05:30,8890.0,8894.1,8887.05,8892.35,2400,75000
2023-08-30 11:15:00+05:30,8892.35,8900.0,8892.35,8900.0,1050,75075
2023-08-30 11:30:00+05:30,8900.0,8900.9,8896.0,8897.5,1875,75450
2023-08-30 11:45:00+05:30,8897.5,8914.2,8895.05,8904.4,2100,75975
2023-08-30 12:00:00+05:30,8904.4,8919.95,8904.4,8917.5,4125,77175
2023-08-30 12:15:00+05:30,8918.45,8918.5,8917.0,8917.5,3750,77250
2023-08-30 12:30:00+05:30,8917.5,8920.05,8911.9,8915.2,1500,77775
2023-08-30 12:45:00+05:30,8915.2,8917.0,8910.4,8913.95,1125,77925
2023-08-30 13:00:00+05:30,8917.55,8919.15,8913.7,8917.65,1200,78525
2023-08-30 13:15:00+05:30,8917.65,8919.6,8916.0,8919.6,525,78975
2023-08-30 13:30:00+05:30,8919.6,8923.7,8915.85,8916.65,1875,79275
2023-08-30 13:45:00+05:30,8916.65,8921.45,8916.0,8919.05,1800,79500
2023-08-30 14:00:00+05:30,8919.05,8922.15,8910.0,8910.0,1425,79725
2023-08-30 14:15:00+05:30,8910.0,8910.0,8905.0,8905.95,2100,80700
2023-08-30 14:30:00+05:30,8905.95,8908.15,8904.05,8905.35,525,80400
2023-08-30 14:45:00+05:30,8905.35,8911.55,8901.35,8901.35,1800,80550
2023-08-30 15:00:00+05:30,8901.35,8907.45,8896.65,8898.2,7200,80775
2023-08-30 15:15:00+05:30,8898.2,8901.9,8889.1,8899.8,8925,81075
2023-08-31 09:15:00+05:30,8900.05,8938.55,8900.0,8913.65,4275,81975
2023-08-31 09:30:00+05:30,8913.65,8937.6,8909.25,8932.0,5850,81075
2023-08-31 09:45:00+05:30,8932.0,8938.0,8931.0,8938.0,4500,80925
2023-08-31 10:00:00+05:30,8938.0,8938.0,8913.2,8920.2,2925,81000
2023-08-31 10:15:00+05:30,8920.2,8924.0,8919.0,8919.0,825,81300
2023-08-31 10:30:00+05:30,8919.0,8919.0,8913.0,8913.0,1650,81225
2023-08-31 10:45:00+05:30,8913.0,8920.4,8913.0,8913.0,2025,81450
2023-08-31 11:00:00+05:30,8913.5,8918.0,8913.0,8917.0,2925,81675
2023-08-31 11:15:00+05:30,8917.0,8925.0,8916.0,8925.0,2550,83475
2023-08-31 11:30:00+05:30,8925.0,8934.0,8925.0,8928.35,1800,82575
2023-08-31 11:45:00+05:30,8928.35,8928.35,8919.95,8919.95,375,82125
2023-08-31 12:00:00+05:30,8919.95,8922.0,8916.05,8916.05,300,82200
2023-08-31 12:15:00+05:30,8916.05,8918.15,8914.85,8915.0,1650,82275
2023-08-31 12:30:00+05:30,8915.0,8917.95,8912.65,8912.65,1425,81825
2023-08-31 12:45:00+05:30,8912.65,8916.5,8907.95,8909.0,750,81975
2023-08-31 13:00:00+05:30,8909.0,8910.1,8906.0,8910.1,750,82350
2023-08-31 13:15:00+05:30,8910.1,8910.1,8893.65,8909.7,2700,84000
2023-08-31 13:30:00+05:30,8909.7,8920.9,8909.7,8913.85,1050,83625
2023-08-31 13:45:00+05:30,8913.85,8916.25,8910.3,8910.3,225,83625
2023-08-31 14:00:00+05:30,8910.3,8910.3,8902.35,8902.35,600,83625
2023-08-31 14:15:00+05:30,8902.35,8906.5,8893.05,8895.0,6975,87900
2023-08-31 14:30:00+05:30,8895.0,8895.0,8854.05,8858.4,21375,87900
2023-08-31 14:45:00+05:30,8858.4,8868.25,8848.05,8868.25,2175,87375
2023-08-31 15:00:00+05:30,8868.25,8929.65,8868.25,8929.65,17400,84750
2023-08-31 15:15:00+05:30,8920.2,8930.0,8900.25,8915.0,16725,81750
2023-09-01 09:15:00+05:30,8929.85,8929.85,8901.9,8917.75,8625,83250
2023-09-01 09:30:00+05:30,8917.75,8919.9,8897.85,8897.85,6525,85725
2023-09-01 09:45:00+05:30,8897.85,8900.5,8875.3,8880.3,8850,88650
2023-09-01 10:00:00+05:30,8880.3,8880.3,8859.9,8871.85,3825,88050
2023-09-01 10:15:00+05:30,8871.85,8885.95,8869.4,8880.25,4650,91050
2023-09-01 10:30:00+05:30,8880.25,8880.25,8872.25,8876.0,2100,90975
2023-09-01 10:45:00+05:30,8876.0,8883.6,8876.0,8883.6,1650,90900
2023-09-01 11:00:00+05:30,8883.6,8901.05,8883.6,8893.1,1050,91275
2023-09-01 11:15:00+05:30,8893.1,8898.9,8887.75,8887.75,4200,94800
2023-09-01 11:30:00+05:30,8887.75,8890.25,8885.05,8890.0,450,94800
2023-09-01 11:45:00+05:30,8890.0,8890.0,8880.8,8880.8,4350,97650
2023-09-01 12:00:00+05:30,8880.8,8893.95,8880.8,8886.55,7800,101550
2023-09-01 12:15:00+05:30,8886.55,8891.2,8882.5,8891.2,2925,102825
2023-09-01 12:30:00+05:30,8891.2,8900.0,8888.05,8894.85,3825,102675
2023-09-01 12:45:00+05:30,8894.85,8898.7,8891.7,8898.55,1350,99600
2023-09-01 13:00:00+05:30,8898.55,8908.1,8898.55,8907.95,4725,96150
2023-09-01 13:15:00+05:30,8907.95,8909.45,8904.0,8909.45,1425,96150
2023-09-01 13:30:00+05:30,8909.45,8920.0,8903.25,8917.05,2100,95700
2023-09-01 13:45:00+05:30,8917.05,8924.0,8916.85,8917.45,2850,96750
2023-09-01 14:00:00+05:30,8917.45,8934.75,8915.9,8934.75,5550,96150
2023-09-01 14:15:00+05:30,8934.75,8946.15,8931.9,8942.0,3900,96675
2023-09-01 14:30:00+05:30,8942.0,8944.2,8933.8,8942.2,1575,97200
2023-09-01 14:45:00+05:30,8942.2,8942.2,8936.45,8936.45,1275,97050
2023-09-01 15:00:00+05:30,8936.45,8941.95,8930.15,8935.25,2025,96975
2023-09-01 15:15:00+05:30,8935.25,8952.2,8933.8,8952.2,10050,95850
2023-09-04 09:15:00+05:30,8958.5,8984.0,8958.5,8971.0,9300,99450
2023-09-04 09:30:00+05:30,8971.0,8971.45,8953.95,8954.95,4050,100425
2023-09-04 09:45:00+05:30,8954.95,8966.8,8953.5,8962.0,4725,102150
2023-09-04 10:00:00+05:30,8962.0,8965.3,8951.0,8951.0,2925,103125
2023-09-04 10:15:00+05:30,8951.0,8962.35,8951.0,8962.35,1050,103950
2023-09-04 10:30:00+05:30,8962.35,8971.25,8934.45,8936.05,18975,108075
2023-09-04 10:45:00+05:30,8936.05,8945.0,8933.35,8942.55,1875,109350
2023-09-04 11:00:00+05:30,8942.55,8959.0,8942.55,8959.0,4125,108675
2023-09-04 11:15:00+05:30,8959.0,8960.0,8952.1,8952.1,3150,107250
2023-09-04 11:30:00+05:30,8952.1,8952.1,8944.55,8944.55,1800,107325
2023-09-04 11:45:00+05:30,8944.55,8951.5,8944.55,8951.5,450,108900
2023-09-04 12:00:00+05:30,8951.5,8957.95,8947.95,8947.95,1200,109125
2023-09-04 12:15:00+05:30,8947.95,8953.1,8947.95,8952.05,675,109050
2023-09-04 12:30:00+05:30,8952.05,8955.0,8951.95,8953.8,525,109125
2023-09-04 12:45:00+05:30,8953.8,8954.75,8952.0,8953.4,600,109050
2023-09-04 13:00:00+05:30,8953.4,8968.0,8953.0,8966.0,6000,109575
2023-09-04 13:15:00+05:30,8966.0,8974.0,8965.0,8973.5,4575,113400
2023-09-04 13:30:00+05:30,8973.5,8978.0,8969.6,8971.45,2400,115050
2023-09-04 13:45:00+05:30,8971.45,8972.35,8963.25,8967.65,10650,120375
2023-09-04 14:00:00+05:30,8967.65,8967.65,8962.95,8963.25,9150,119550
2023-09-04 14:15:00+05:30,8963.25,8967.65,8960.95,8967.65,3450,121575
2023-09-04 14:30:00+05:30,8967.65,8969.9,8965.45,8968.2,4800,121800
2023-09-04 14:45:00+05:30,8968.2,8971.6,8965.05,8967.2,2325,120825
2023-09-04 15:00:00+05:30,8967.2,8971.0,8961.9,8969.0,8700,118425
2023-09-04 15:15:00+05:30,8969.0,8983.2,8967.2,8980.0,13425,115125
2023-09-05 09:15:00+05:30,8980.0,8997.75,8980.0,8991.9,10425,115725
2023-09-05 09:30:00+05:30,8991.9,9010.0,8991.2,9006.65,4275,117075
2023-09-05 09:45:00+05:30,9006.65,9018.1,9006.65,9010.0,4200,117450
2023-09-05 10:00:00+05:30,9010.0,9015.0,9007.1,9009.7,2775,119925
2023-09-05 10:15:00+05:30,9009.7,9010.1,8992.05,9000.0,14925,124200
2023-09-05 10:30:00+05:30,9000.0,9008.0,9000.0,9008.0,1800,135000
2023-09-05 10:45:00+05:30,9008.0,9010.0,9005.0,9006.35,2100,136500
2023-09-05 11:00:00+05:30,9006.35,9012.15,9003.75,9006.2,1575,137400
2023-09-05 11:15:00+05:30,9006.2,9010.15,9003.25,9010.0,675,138300
2023-09-05 11:30:00+05:30,9010.0,9012.2,9006.5,9006.5,1050,138975
2023-09-05 11:45:00+05:30,9006.5,9016.95,9006.5,9016.85,1200,139275
2023-09-05 12:00:00+05:30,9016.85,9016.85,9010.0,9013.0,1950,140325
2023-09-05 12:15:00+05:30,9013.0,9018.0,9010.05,9018.0,3675,141075
2023-09-05 12:30:00+05:30,9018.0,9018.0,8997.05,9006.2,2700,143025
2023-09-05 12:45:00+05:30,9006.2,9006.5,8997.0,9005.0,1050,143325
2023-09-05 13:00:00+05:30,9005.0,9008.35,9001.0,9005.75,1800,143325
2023-09-05 13:15:00+05:30,9005.75,9012.05,9005.75,9009.0,1425,143775
2023-09-05 13:30:00+05:30,9009.0,9011.9,9001.5,9006.05,1950,144150
2023-09-05 13:45:00+05:30,9006.05,9036.75,9006.05,9036.75,11325,144750
2023-09-05 14:00:00+05:30,9036.75,9046.05,9035.55,9037.0,8700,146400
2023-09-05 14:15:00+05:30,9037.0,9041.95,9031.8,9036.95,2175,146850
2023-09-05 14:30:00+05:30,9036.95,9040.95,9036.95,9036.95,450,147975
2023-09-05 14:45:00+05:30,9036.95,9044.0,9033.05,9044.0,4050,149550
2023-09-05 15:00:00+05:30,9044.0,9058.5,9044.0,9058.5,10725,154125
2023-09-05 15:15:00+05:30,9058.5,9064.9,9050.05,9060.0,14550,159375
2023-09-06 09:15:00+05:30,9050.1,9073.85,9047.45,9052.0,22275,168000
2023-09-06 09:30:00+05:30,9052.0,9068.85,9045.65,9064.75,4575,169200
2023-09-06 09:45:00+05:30,9064.75,9067.4,9056.65,9061.35,3525,170100
2023-09-06 10:00:00+05:30,9061.35,9065.5,9056.3,9060.0,5175,174000
2023-09-06 10:15:00+05:30,9060.0,9067.45,9057.95,9066.0,2400,174900
2023-09-06 10:30:00+05:30,9066.0,9071.35,9061.8,9067.4,2475,175425
2023-09-06 10:45:00+05:30,9067.4,9069.3,9064.2,9069.3,975,176550
2023-09-06 11:00:00+05:30,9069.3,9069.3,9065.2,9065.2,3075,179175
2023-09-06 11:15:00+05:30,9065.2,9065.2,9058.35,9058.35,1950,179325
2023-09-06 11:30:00+05:30,9058.35,9058.35,9028.0,9032.0,9750,180600
2023-09-06 11:45:00+05:30,9032.0,9044.0,9032.0,9035.65,3750,179850
2023-09-06 12:00:00+05:30,9035.65,9064.15,9035.65,9064.15,3675,181500
2023-09-06 12:15:00+05:30,9064.15,9064.15,9040.75,9048.0,3450,183375
2023-09-06 12:30:00+05:30,9048.0,9054.2,9030.0,9032.8,4725,183675
2023-09-06 12:45:00+05:30,9032.8,9042.25,9030.3,9037.35,4725,186675
2023-09-06 13:00:00+05:30,9037.35,9048.35,9037.35,9044.0,1875,186900
2023-09-06 13:15:00+05:30,9044.0,9053.7,9037.7,9045.3,2025,188175
2023-09-06 13:30:00+05:30,9045.3,9052.0,9037.0,9049.05,4275,187500
2023-09-06 13:45:00+05:30,9049.05,9050.25,9042.2,9042.3,1950,186975
2023-09-06 14:00:00+05:30,9042.3,9050.0,9042.3,9050.0,4875,188925
2023-09-06 14:15:00+05:30,9050.0,9069.25,9050.0,9065.0,7500,189225
2023-09-06 14:30:00+05:30,9065.0,9073.0,9063.95,9066.1,3225,189450
2023-09-06 14:45:00+05:30,9066.1,9069.25,9064.5,9069.25,750,189825
2023-09-06 15:00:00+05:30,9069.25,9078.85,9067.85,9074.2,10650,189600
2023-09-06 15:15:00+05:30,9074.2,9074.7,9067.0,9072.0,8175,189075
2023-09-07 09:15:00+05:30,9063.95,9076.2,9056.75,9070.95,6600,192300
2023-09-07 09:30:00+05:30,9070.95,9071.0,9064.5,9071.0,4800,192150
2023-09-07 09:45:00+05:30,9071.0,9076.9,9070.1,9070.1,3450,191550
2023-09-07 10:00:00+05:30,9070.1,9070.1,9065.25,9065.8,1125,192000
2023-09-07 10:15:00+05:30,9065.8,9072.9,9065.8,9068.0,900,192525
2023-09-07 10:30:00+05:30,9068.0,9070.1,9065.75,9070.1,600,193125
2023-09-07 10:45:00+05:30,9070.1,9076.0,9070.1,9075.8,2325,192750
2023-09-07 11:00:00+05:30,9075.8,9075.85,9071.25,9072.35,2175,191700
2023-09-07 11:15:00+05:30,9072.35,9074.0,9063.0,9068.0,2475,190350
2023-09-07 11:30:00+05:30,9068.0,9070.05,9044.35,9054.0,6075,192300
2023-09-07 11:45:00+05:30,9054.0,9062.85,9052.6,9059.9,2475,193575
2023-09-07 12:00:00+05:30,9059.9,9063.35,9055.15,9063.2,1050,194025
2023-09-07 12:15:00+05:30,9063.2,9063.2,9053.3,9054.55,825,194550
2023-09-07 12:30:00+05:30,9054.55,9061.55,9053.8,9060.9,975,194250
2023-09-07 12:45:00+05:30,9060.9,9069.0,9059.1,9059.1,1125,193800
2023-09-07 13:00:00+05:30,9059.1,9060.5,9057.6,9059.55,1425,193575
2023-09-07 13:15:00+05:30,9059.55,9065.0,9059.05,9062.95,825,193650
2023-09-07 13:30:00+05:30,9062.95,9062.95,9060.8,9062.5,900,193650
2023-09-07 13:45:00+05:30,9062.5,9062.5,9060.0,9060.75,375,193275
2023-09-07 14:00:00+05:30,9060.75,9068.0,9060.75,9067.75,4350,191325
2023-09-07 14:15:00+05:30,9067.75,9070.35,9063.4,9068.3,2250,191625
2023-09-07 14:30:00+05:30,9068.3,9085.0,9068.3,9079.8,13050,187800
2023-09-07 14:45:00+05:30,9079.9,9081.8,9074.05,9080.0,7950,188250
2023-09-07 15:00:00+05:30,9080.0,9082.8,9075.75,9081.0,2625,187875
2023-09-07 15:15:00+05:30,9081.0,9095.0,9070.85,9078.5,13425,188400
2023-09-08 09:15:00+05:30,9086.85,9112.1,9086.85,9104.0,7350,188625
2023-09-08 09:30:00+05:30,9104.0,9111.55,9089.1,9096.0,21225,179775
2023-09-08 09:45:00+05:30,9096.0,9097.95,9088.8,9090.0,1650,179925
2023-09-08 10:00:00+05:30,9090.0,9099.0,9089.0,9092.25,4800,178875
2023-09-08 10:15:00+05:30,9092.25,9094.0,9082.0,9089.45,2775,177450
2023-09-08 10:30:00+05:30,9089.45,9089.45,9069.9,9078.0,5475,175575
2023-09-08 10:45:00+05:30,9078.0,9085.3,9078.0,9085.0,1350,175725
2023-09-08 11:00:00+05:30,9085.0,9090.0,9083.9,9089.8,600,175875
2023-09-08 11:15:00+05:30,9089.8,9093.85,9086.0,9093.85,600,176325
2023-09-08 11:30:00+05:30,9093.85,9108.35,9092.0,9106.95,6825,175050
2023-09-08 11:45:00+05:30,9106.95,9107.1,9097.2,9100.6,3900,172650
2023-09-08 12:00:00+05:30,9100.6,9108.0,9095.7,9108.0,3075,172050
2023-09-08 12:15:00+05:30,9108.0,9108.0,9103.8,9104.7,900,170400
2023-09-08 12:30:00+05:30,9104.7,9115.85,9102.25,9115.05,9150,166725
2023-09-08 12:45:00+05:30,9115.05,9115.05,9096.85,9105.2,14925,163350
2023-09-08 13:00:00+05:30,9105.2,9113.35,9104.1,9107.0,2325,167400
2023-09-08 13:15:00+05:30,9107.0,9108.55,9102.0,9108.55,1725,169650
2023-09-08 13:30:00+05:30,9108.55,9120.0,9108.55,9115.0,6975,165300
2023-09-08 13:45:00+05:30,9115.0,9121.75,9115.0,9117.2,4725,169125
2023-09-08 14:00:00+05:30,9117.2,9155.25,9115.0,9139.2,17325,166650
2023-09-08 14:15:00+05:30,9139.2,9150.0,9135.75,9145.7,11550,164850
2023-09-08 14:30:00+05:30,9145.7,9147.8,9119.8,9125.35,22800,180150
2023-09-08 14:45:00+05:30,9125.35,9130.0,9120.9,9129.95,3825,183075
2023-09-08 15:00:00+05:30,9129.95,9135.0,9127.0,9132.15,3900,184575
2023-09-08 15:15:00+05:30,9132.15,9146.35,9132.0,9140.05,8700,186600
2023-09-11 09:15:00+05:30,9148.25,9183.15,9148.25,9167.5,20025,189450
2023-09-11 09:30:00+05:30,9167.5,9179.05,9163.8,9172.5,10125,192000
2023-09-11 09:45:00+05:30,9172.5,9185.4,9165.8,9182.75,9600,193725
2023-09-11 10:00:00+05:30,9182.75,9184.45,9176.0,9176.0,4725,195900
2023-09-11 10:15:00+05:30,9176.0,9184.1,9176.0,9184.0,3975,197850
2023-09-11 10:30:00+05:30,9184.0,9191.45,9180.0,9189.05,9150,203175
2023-09-11 10:45:00+05:30,9189.05,9192.0,9183.0,9188.0,10050,205050
2023-09-11 11:00:00+05:30,9188.0,9190.25,9182.3,9185.0,4650,207375
2023-09-11 11:15:00+05:30,9185.0,9194.6,9185.0,9190.0,4875,208500
2023-09-11 11:30:00+05:30,9190.0,9192.4,9188.0,9191.35,1875,208800
2023-09-11 11:45:00+05:30,9191.35,9197.6,9188.0,9188.0,14625,202350
2023-09-11 12:00:00+05:30,9188.0,9190.9,9186.85,9190.0,2700,205875
2023-09-11 12:15:00+05:30,9190.0,9193.9,9188.0,9193.9,2625,206550
2023-09-11 12:30:00+05:30,9193.9,9193.9,9187.55,9187.75,1950,207150
2023-09-11 12:45:00+05:30,9187.75,9188.0,9173.0,9181.6,11175,213900
2023-09-11 13:00:00+05:30,9181.6,9188.0,9180.3,9183.55,6150,214275
2023-09-11 13:15:00+05:30,9183.55,9187.5,9179.7,9182.15,8175,213375
2023-09-11 13:30:00+05:30,9182.15,9191.85,9177.55,9178.0,19425,208125
2023-09-11 13:45:00+05:30,9178.0,9186.3,9178.0,9185.9,3225,209100
2023-09-11 14:00:00+05:30,9185.9,9188.0,9179.75,9184.55,2850,209025
2023-09-11 14:15:00+05:30,9184.55,9187.65,9183.95,9184.35,4500,207375
2023-09-11 14:30:00+05:30,9184.35,9189.75,9182.7,9186.5,7125,208725
2023-09-11 14:45:00+05:30,9186.5,9196.15,9184.6,9192.0,19275,209775
2023-09-11 15:00:00+05:30,9192.0,9195.6,9188.95,9195.55,6750,208425
2023-09-11 15:15:00+05:30,9195.55,9212.0,9192.5,9212.0,12300,208050
2023-09-12 09:15:00+05:30,9227.8,9237.0,9184.75,9189.35,16125,215700
2023-09-12 09:30:00+05:30,9189.35,9189.35,9024.55,9090.65,107100,252750
2023-09-12 09:45:00+05:30,9090.95,9091.0,8966.05,9045.0,85950,229800
2023-09-12 10:00:00+05:30,9045.0,9079.95,9020.0,9020.0,33600,232050
2023-09-12 10:15:00+05:30,9020.0,9038.15,9003.05,9019.6,26250,221250
2023-09-12 10:30:00+05:30,9019.6,9036.25,8995.9,9032.95,18600,215925
2023-09-12 10:45:00+05:30,9032.95,9068.0,9032.95,9062.7,27675,216900
2023-09-12 11:00:00+05:30,9062.7,9070.0,9028.0,9060.8,21975,220050
2023-09-12 11:15:00+05:30,9060.8,9064.95,9041.75,9050.4,12975,220200
2023-09-12 11:30:00+05:30,9050.4,9058.3,9030.0,9043.9,5925,221100
2023-09-12 11:45:00+05:30,9043.9,9049.95,9020.1,9032.0,7425,219825
2023-09-12 12:00:00+05:30,9032.0,9032.0,8975.75,8996.0,29625,210825
2023-09-12 12:15:00+05:30,8996.0,8998.8,8962.0,8965.6,22875,208050
2023-09-12 12:30:00+05:30,8965.6,8979.15,8952.7,8956.0,15225,207600
2023-09-12 12:45:00+05:30,8959.95,8975.0,8945.05,8954.0,25275,217350
2023-09-12 13:00:00+05:30,8954.0,8985.75,8931.7,8964.0,34575,215250
2023-09-12 13:15:00+05:30,8964.0,8999.0,8962.45,8978.05,20700,206175
2023-09-12 13:30:00+05:30,8978.05,8990.0,8963.45,8987.0,11775,208800
2023-09-12 13:45:00+05:30,8987.0,8997.0,8977.0,8977.0,12975,203250
2023-09-12 14:00:00+05:30,8977.0,8986.25,8962.35,8980.05,7875,202800
2023-09-12 14:15:00+05:30,8980.05,8985.95,8966.0,8969.7,5700,200925
2023-09-12 14:30:00+05:30,8969.7,8998.15,8968.0,8983.9,17550,203775
2023-09-12 14:45:00+05:30,8982.15,8986.25,8955.3,8980.0,11475,201450
2023-09-12 15:00:00+05:30,8980.0,8980.0,8955.1,8960.0,15225,193500
2023-09-12 15:15:00+05:30,8960.0,8966.85,8930.15,8943.4,17175,197400
2023-09-13 09:15:00+05:30,8940.05,9023.0,8874.55,9012.55,69975,157725
2023-09-13 09:30:00+05:30,9012.55,9018.95,8885.75,8914.0,57300,176400
2023-09-13 09:45:00+05:30,8914.0,8966.05,8910.0,8918.0,26925,167325
2023-09-13 10:00:00+05:30,8917.65,8943.6,8915.9,8916.65,9300,169575
2023-09-13 10:15:00+05:30,8916.65,8938.2,8877.15,8922.6,18675,170325
2023-09-13 10:30:00+05:30,8922.6,8930.0,8901.75,8920.0,6450,170775
2023-09-13 10:45:00+05:30,8920.0,8935.0,8908.0,8916.0,6300,171000
2023-09-13 11:00:00+05:30,8916.0,8945.0,8914.0,8943.15,5625,168150
2023-09-13 11:15:00+05:30,8943.15,8972.0,8929.85,8953.4,14925,167250
2023-09-13 11:30:00+05:30,8953.4,8962.05,8943.9,8956.65,8175,165750
2023-09-13 11:45:00+05:30,8956.65,8961.75,8941.9,8941.9,3975,164475
2023-09-13 12:00:00+05:30,8941.9,8970.0,8941.9,8966.0,5100,163275
2023-09-13 12:15:00+05:30,8966.0,8988.3,8959.85,8987.0,10125,163575
2023-09-13 12:30:00+05:30,8987.0,8989.35,8961.2,8980.3,8925,160050
2023-09-13 12:45:00+05:30,8980.3,8985.0,8966.75,8972.5,4575,158625
2023-09-13 13:00:00+05:30,8972.5,9006.25,8972.5,9000.0,17250,152475
2023-09-13 13:15:00+05:30,9000.0,9000.55,8956.2,8957.5,7275,145500
2023-09-13 13:30:00+05:30,8958.1,8985.7,8956.75,8985.0,2925,147075
2023-09-13 13:45:00+05:30,8985.0,9002.3,8983.75,8992.2,5325,145800
2023-09-13 14:00:00+05:30,8992.2,9002.85,8986.4,9002.85,2400,145725
2023-09-13 14:15:00+05:30,9002.85,9045.4,8998.35,9045.3,9900,147975
2023-09-13 14:30:00+05:30,9045.3,9060.35,9021.7,9026.0,14625,149925
2023-09-13 14:45:00+05:30,9026.0,9030.0,9005.75,9020.0,9225,150375
2023-09-13 15:00:00+05:30,9020.0,9035.0,9020.0,9031.0,3525,151650
2023-09-13 15:15:00+05:30,9031.0,9042.05,9026.75,9042.05,24600,150150
2023-09-14 09:15:00+05:30,9042.05,9126.75,9042.05,9111.25,46650,24450
2023-09-14 09:30:00+05:30,9111.25,9122.0,9103.9,9111.8,22050,36150
2023-09-14 09:45:00+05:30,9111.8,9114.0,9094.05,9099.55,11550,40575
2023-09-14 10:00:00+05:30,9099.55,9100.05,9063.35,9075.95,19275,175200
2023-09-14 10:15:00+05:30,9075.95,9088.0,9055.0,9087.4,13350,171375
2023-09-14 10:30:00+05:30,9087.4,9092.0,9067.0,9081.95,8100,174150
2023-09-14 10:45:00+05:30,9081.95,9085.95,9073.95,9084.9,9525,183450
2023-09-14 11:00:00+05:30,9084.9,9099.95,9084.0,9096.4,8175,183525
2023-09-14 11:15:00+05:30,9094.1,9098.0,9089.2,9096.0,2550,185025
2023-09-14 11:30:00+05:30,9096.0,9096.15,9080.1,9085.0,3075,186675
2023-09-14 11:45:00+05:30,9085.0,9093.95,9075.1,9091.95,7800,189300
2023-09-14 12:00:00+05:30,9091.95,9101.6,9089.8,9099.9,3975,188400
2023-09-14 12:15:00+05:30,9099.0,9110.0,9071.85,9080.7,13275,190650
2023-09-14 12:30:00+05:30,9080.7,9087.4,9065.05,9085.5,7350,195675
2023-09-14 12:45:00+05:30,9085.5,9090.0,9077.9,9085.9,7425,196425
2023-09-14 13:00:00+05:30,9085.9,9092.35,9083.55,9090.95,900,196725
2023-09-14 13:15:00+05:30,9090.95,9096.0,9088.2,9090.7,7125,198075
2023-09-14 13:30:00+05:30,9090.7,9104.2,9086.0,9090.0,4350,198525
2023-09-14 13:45:00+05:30,9090.0,9099.6,9082.05,9090.15,3000,199950
2023-09-14 14:00:00+05:30,9090.15,9094.35,9083.0,9093.05,4650,200625
2023-09-14 14:15:00+05:30,9093.05,9114.05,9093.05,9108.25,15525,192900
2023-09-14 14:30:00+05:30,9108.25,9120.0,9108.25,9114.95,9000,194175
2023-09-14 14:45:00+05:30,9114.35,9128.2,9110.1,9128.2,9450,193350
2023-09-14 15:00:00+05:30,9128.2,9135.75,9123.05,9134.95,22950,184425
2023-09-14 15:15:00+05:30,9134.95,9143.0,9131.7,9137.0,20550,189525
2023-09-15 09:15:00+05:30,9163.95,9170.0,9136.85,9142.3,30225,204900
2023-09-15 09:30:00+05:30,9142.3,9146.2,9125.65,9135.95,17925,216075
2023-09-15 09:45:00+05:30,9135.95,9145.45,9130.0,9136.65,4050,216750
2023-09-15 10:00:00+05:30,9136.65,9146.25,9136.65,9144.0,3150,216150
2023-09-15 10:15:00+05:30,9144.0,9146.85,9140.6,9140.6,975,215925
2023-09-15 10:30:00+05:30,9140.6,9151.6,9139.0,9150.0,6600,220200
2023-09-15 10:45:00+05:30,9150.0,9158.0,9146.3,9158.0,7425,220125
2023-09-15 11:00:00+05:30,9158.0,9160.0,9152.9,9156.2,4200,222675
2023-09-15 11:15:00+05:30,9156.2,9157.2,9150.0,9157.2,3300,223800
2023-09-15 11:30:00+05:30,9157.2,9157.2,9146.0,9153.8,2775,222825
2023-09-15 11:45:00+05:30,9153.8,9158.0,9152.35,9156.2,900,222525
2023-09-15 12:00:00+05:30,9156.2,9158.0,9147.5,9152.3,4425,225075
2023-09-15 12:15:00+05:30,9152.3,9152.3,9135.55,9141.25,7500,228000
2023-09-15 12:30:00+05:30,9141.25,9141.25,9115.35,9128.1,12900,232275
2023-09-15 12:45:00+05:30,9128.1,9132.4,9122.0,9123.75,4200,232275
2023-09-15 13:00:00+05:30,9123.75,9140.15,9122.5,9140.15,3300,233100
2023-09-15 13:15:00+05:30,9140.15,9146.95,9136.5,9142.25,2475,233850
2023-09-15 13:30:00+05:30,9142.25,9145.85,9131.1,9133.0,3825,232350
2023-09-15 13:45:00+05:30,9133.0,9138.9,9132.45,9137.7,7800,231150
2023-09-15 14:00:00+05:30,9137.7,9145.0,9133.0,9138.5,7200,232200
2023-09-15 14:15:00+05:30,9138.5,9140.5,9134.2,9134.2,3600,232500
2023-09-15 14:30:00+05:30,9134.2,9168.05,9134.2,9164.0,9225,228825
2023-09-15 14:45:00+05:30,9164.0,9174.75,9164.0,9173.0,9750,229575
2023-09-15 15:00:00+05:30,9173.0,9188.45,9173.0,9176.0,16725,223575
2023-09-15 15:15:00+05:30,9176.0,9178.85,9169.9,9176.0,17625,225450
